"Sample IDs","Dilutions","MPR","MS","TtT","RAF","Animal IDs","Months","Assay","crossed"
"P",-3,9.75652173913043,8.6811596,22.2938596491228,0.0448554003541216,NA,NA,"RT-QuIC",TRUE
"S-1140",-1,1.1840354767184,0.833702666666667,72,0.0138888888888889,"B-166",0,"RT-QuIC",FALSE
"S-1145",-1,1.14069264069264,0.784993333333333,72,0.0138888888888889,"1905",0,"RT-QuIC",FALSE
"S-1153",-1,1.12882096069869,0.669577333333333,72,0.0138888888888889,"Y-15",0,"RT-QuIC",FALSE
"S-1160",-1,1.11086474501109,0.691796,72,0.0138888888888889,"B-206",0,"RT-QuIC",FALSE
"S-1165",-1,1.10089686098655,0.747384,72,0.0138888888888889,"1942",0,"RT-QuIC",FALSE
"S-1166",-1,1.12694877505568,0.757238666666667,72,0.0138888888888889,"1945",0,"RT-QuIC",FALSE
"S-1185",-1,1.08558558558559,0.720721333333333,72,0.0138888888888889,"1904",0,"RT-QuIC",FALSE
"S-1256",-1,1.10810810810811,0.744745333333333,72,0.0138888888888889,"1905",12,"RT-QuIC",FALSE
"S-1303",-1,1.12268518518519,0.743826666666667,72,0.0138888888888889,"1945",18,"RT-QuIC",FALSE
"S-1306",-1,1.10538641686183,0.75566,72,0.0138888888888889,"B-166",18,"RT-QuIC",FALSE
"S-1314",-1,1.10361445783133,0.75502,72,0.0138888888888889,"O-39",18,"RT-QuIC",FALSE
"P",-3,7.19870410367171,3.27717786666667,20.8201133144476,0.0480304782638275,NA,NA,"RT-QuIC",TRUE
"S-1140",-1,1.16458333333333,0.747222666666667,72,0.0138888888888889,"B-166",0,"RT-QuIC",FALSE
"S-1145",-1,1.10721649484536,0.690034666666667,72,0.0138888888888889,"1905",0,"RT-QuIC",FALSE
"S-1153",-1,1.17943107221007,0.720641333333333,72,0.0138888888888889,"Y-15",0,"RT-QuIC",FALSE
"S-1160",-1,1.15320910973085,0.599033866666666,72,0.0138888888888889,"B-206",0,"RT-QuIC",FALSE
"S-1165",-1,1.19347826086957,0.721738666666667,72,0.0138888888888889,"1942",0,"RT-QuIC",FALSE
"S-1166",-1,1.15074309978769,0.656758666666667,72,0.0138888888888889,"1945",0,"RT-QuIC",FALSE
"S-1185",-1,1.11489361702128,0.675177333333333,72,0.0138888888888889,"1904",0,"RT-QuIC",FALSE
"S-1256",-1,1.14870689655172,0.755746666666667,72,0.0138888888888889,"1905",12,"RT-QuIC",FALSE
"S-1303",-1,1.10989010989011,0.703297333333333,72,0.0138888888888889,"1945",18,"RT-QuIC",FALSE
"S-1306",-1,1.140589569161,0.707482666666667,72,0.0138888888888889,"B-166",18,"RT-QuIC",FALSE
"S-1314",-1,1.17995444191344,0.707669333333333,72,0.0138888888888889,"O-39",18,"RT-QuIC",FALSE
"P",-3,9.51489361702128,4.32340426666667,22.2791262135922,0.0448850637324327,NA,NA,"RT-QuIC",TRUE
"S-1140",-1,1.14110429447853,0.730742666666667,72,0.0138888888888889,"B-166",0,"RT-QuIC",FALSE
"S-1145",-1,1.1360824742268,0.745017333333333,72,0.0138888888888889,"1905",0,"RT-QuIC",FALSE
"S-1153",-1,1.13530655391121,0.704721333333333,72,0.0138888888888889,"Y-15",0,"RT-QuIC",FALSE
"S-1160",-1,1.15481171548117,0.647141333333333,72,0.0138888888888889,"B-206",0,"RT-QuIC",FALSE
"S-1165",-1,8.58620689655172,4.4137932,49.2786783042394,0.0202927520463545,"1942",0,"RT-QuIC",TRUE
"S-1166",-1,1.12987012987013,0.675325333333333,72,0.0138888888888889,"1945",0,"RT-QuIC",FALSE
"S-1185",-1,1.10470085470085,0.680912,72,0.0138888888888889,"1904",0,"RT-QuIC",FALSE
"S-1256",-1,1.08917197452229,0.625618666666667,72,0.0138888888888889,"1905",12,"RT-QuIC",FALSE
"S-1303",-1,1.13747228381375,0.679970666666667,72,0.0138888888888889,"1945",18,"RT-QuIC",FALSE
"S-1306",-1,1.08602150537634,0.642293866666667,72,0.0138888888888889,"B-166",18,"RT-QuIC",FALSE
"S-1314",-1,1.17824074074074,0.694444,72,0.0138888888888889,"O-39",18,"RT-QuIC",FALSE
"P",-3,6.40780911062907,2.19522786666667,21.743023255814,0.0459917642654687,NA,NA,"RT-QuIC",TRUE
"S-1140",-1,1.13692946058091,0.705394666666667,72,0.0138888888888889,"B-166",0,"RT-QuIC",FALSE
"S-1145",-1,1.13432835820896,0.702202666666667,72,0.0138888888888889,"1905",0,"RT-QuIC",FALSE
"S-1153",-1,1.17446808510638,0.663829333333333,72,0.0138888888888889,"Y-15",0,"RT-QuIC",FALSE
"S-1160",-1,1.12997903563941,0.620545333333333,72,0.0138888888888889,"B-206",0,"RT-QuIC",FALSE
"S-1165",-1,1.10828025477707,0.619957466666667,72,0.0138888888888889,"1942",0,"RT-QuIC",FALSE
"S-1166",-1,1.14346895074946,0.588150666666667,72,0.0138888888888889,"1945",0,"RT-QuIC",FALSE
"S-1185",-1,1.1104033970276,0.636942666666667,72,0.0138888888888889,"1904",0,"RT-QuIC",FALSE
"S-1256",-1,1.15301724137931,0.706896,72,0.0138888888888889,"1905",12,"RT-QuIC",FALSE
"S-1303",-1,2.12666666666667,0.788148133333333,71.7311320754717,0.0139409482475176,"1945",18,"RT-QuIC",TRUE
"S-1306",-1,5.65903890160183,2.92296013333333,22.0353470437018,0.0453816315221513,"B-166",18,"RT-QuIC",TRUE
"S-1314",-1,1.13824884792627,0.678956,72,0.0138888888888889,"O-39",18,"RT-QuIC",FALSE
"N",-3,1.17608695652174,0.678261333333333,72,0.0138888888888889,NA,NA,"RT-QuIC",FALSE
"S-1329",-1,1.12826086956522,0.701449333333333,72,0.0138888888888889,"O-39",0,"RT-QuIC",FALSE
"S-1332",-1,1.18614718614719,0.683982666666667,72,0.0138888888888889,"B-167",0,"RT-QuIC",FALSE
"S-1333",-1,1.19870410367171,0.659466666666667,72,0.0138888888888889,"B-204",0,"RT-QuIC",FALSE
"S-1335",-1,1.15010570824524,0.6568,72,0.0138888888888889,"B-121",0,"RT-QuIC",FALSE
"S-1376",-1,1.14655172413793,0.635057333333333,72,0.0138888888888889,"B-167",21,"RT-QuIC",FALSE
"S-1459",-1,1.19957081545064,0.706724,72,0.0138888888888889,"1942",33,"RT-QuIC",FALSE
"S-1467",-1,4.66382978723404,1.53758866666667,51.5494505494505,0.0193988488595182,"1904",33,"RT-QuIC",TRUE
"S-1469",-1,8.88059701492537,2.88841493333333,24.8318713450292,0.040270827200471,"Y-15",33,"RT-QuIC",TRUE
"S-1470",-1,6.81140350877193,3.64327506666667,18.6872852233677,0.053512320706142,"B-204",33,"RT-QuIC",TRUE
"S-1471",-1,1.1685393258427,0.716105333333333,72,0.0138888888888889,"B-206",33,"RT-QuIC",FALSE
"S-1483",-1,1.14022988505747,0.711110666666667,72,0.0138888888888889,"B-121",36,"RT-QuIC",FALSE
"N",-3,1.18485523385301,0.653304,72,0.0138888888888889,NA,NA,"RT-QuIC",FALSE
"S-1329",-1,1.09915611814346,0.672292666666667,72,0.0138888888888889,"O-39",0,"RT-QuIC",FALSE
"S-1332",-1,1.13943355119826,0.595497333333333,72,0.0138888888888889,"B-167",0,"RT-QuIC",FALSE
"S-1333",-1,1.17682926829268,0.6043356,72,0.0138888888888889,"B-204",0,"RT-QuIC",FALSE
"S-1335",-1,1.1407249466951,0.5828,72,0.0138888888888889,"B-121",0,"RT-QuIC",FALSE
"S-1376",-1,1.16666666666667,0.675325333333333,72,0.0138888888888889,"B-167",21,"RT-QuIC",FALSE
"S-1459",-1,1.13304721030043,0.635193333333333,72,0.0138888888888889,"1942",33,"RT-QuIC",FALSE
"S-1467",-1,5.08528784648188,2.39658853333333,19.6647727272727,0.0508523548107483,"1904",33,"RT-QuIC",TRUE
"S-1469",-1,1.13319238900634,0.648344,72,0.0138888888888889,"Y-15",33,"RT-QuIC",FALSE
"S-1470",-1,1.1832229580574,0.644592,72,0.0138888888888889,"B-204",33,"RT-QuIC",FALSE
"S-1471",-1,1.12931034482759,0.655173066666667,72,0.0138888888888889,"B-206",33,"RT-QuIC",FALSE
"S-1483",-1,1.1606334841629,0.687782666666667,72,0.0138888888888889,"B-121",36,"RT-QuIC",FALSE
"N",-3,1.12882096069869,0.605530666666667,72,0.0138888888888889,NA,NA,"RT-QuIC",FALSE
"S-1329",-1,1.1358574610245,0.662212,72,0.0138888888888889,"O-39",0,"RT-QuIC",FALSE
"S-1332",-1,1.26282051282051,0.660968,72,0.0138888888888889,"B-167",0,"RT-QuIC",FALSE
"S-1333",-1,1.13135593220339,0.635593333333333,72,0.0138888888888889,"B-204",0,"RT-QuIC",FALSE
"S-1335",-1,5.73291925465838,2.19461706666667,57.6634615384615,0.0173420043355011,"B-121",0,"RT-QuIC",TRUE
"S-1376",-1,3.99089253187614,1.32604733333333,52.9093137254902,0.0189002640478066,"B-167",21,"RT-QuIC",TRUE
"S-1459",-1,1.1137339055794,0.615164,72,0.0138888888888889,"1942",33,"RT-QuIC",FALSE
"S-1467",-1,1.09327548806941,0.587129333333333,72,0.0138888888888889,"1904",33,"RT-QuIC",FALSE
"S-1469",-1,3.27861771058315,1.4686824,39.6341853035144,0.0252307444278747,"Y-15",33,"RT-QuIC",TRUE
"S-1470",-1,1.1216814159292,0.578170666666666,72,0.0138888888888889,"B-204",33,"RT-QuIC",FALSE
"S-1471",-1,1.16400911161731,0.649962666666667,72,0.0138888888888889,"B-206",33,"RT-QuIC",FALSE
"S-1483",-1,1.17102137767221,0.709422666666667,72,0.0138888888888889,"B-121",36,"RT-QuIC",FALSE
"N",-3,1.17173913043478,0.588405333333333,72,0.0138888888888889,NA,NA,"RT-QuIC",FALSE
"S-1329",-1,1.1651376146789,0.620794666666666,72,0.0138888888888889,"O-39",0,"RT-QuIC",FALSE
"S-1332",-1,1.20045045045045,0.645645333333333,72,0.0138888888888889,"B-167",0,"RT-QuIC",FALSE
"S-1333",-1,1.37946428571429,0.654761333333333,72,0.0138888888888889,"B-204",0,"RT-QuIC",FALSE
"S-1335",-1,1.23873873873874,0.606606666666667,72,0.0138888888888889,"B-121",0,"RT-QuIC",FALSE
"S-1376",-1,1.16666666666667,0.624624,72,0.0138888888888889,"B-167",21,"RT-QuIC",FALSE
"S-1459",-1,1.12995594713656,0.569750666666667,72,0.0138888888888889,"1942",33,"RT-QuIC",FALSE
"S-1467",-1,7.95594713656388,3.5535976,11.1637426900585,0.0895756940806705,"1904",33,"RT-QuIC",TRUE
"S-1469",-1,10.3768736616702,7.99143466666667,5.78086419753086,0.172984516817939,"Y-15",33,"RT-QuIC",TRUE
"S-1470",-1,2.50691244239631,1.34254986666667,64.1355769230769,0.0155919701353803,"B-204",33,"RT-QuIC",TRUE
"S-1471",-1,1.11633109619687,0.557792666666667,72,0.0138888888888889,"B-206",33,"RT-QuIC",FALSE
"S-1483",-1,5.36817102137767,2.54631866666667,17.643063583815,0.0566794987304448,"B-121",36,"RT-QuIC",TRUE
"P",-3,10.8375394321767,4.25026293333333,8.40346534653465,0.11899852724595,NA,NA,"Nano-QuIC",TRUE
"S-1140",-1,2.45641838351822,0.942420133333333,19.972602739726,0.0500685871056241,"B-166",0,"Nano-QuIC",TRUE
"S-1145",-1,2.19261637239165,1.56447253333333,22.9234234234234,0.0436235016702692,"1905",0,"Nano-QuIC",TRUE
"S-1153",-1,2.62379421221865,1.06752426666667,18.2375886524823,0.0548318102274937,"Y-15",0,"Nano-QuIC",TRUE
"S-1160",-1,2.7938808373591,1.06494866666667,16.4487179487179,0.0607950116913484,"B-206",0,"Nano-QuIC",TRUE
"S-1165",-1,2.50402576489533,1.15512666666667,18.6666666666667,0.0535714285714286,"1942",0,"Nano-QuIC",TRUE
"S-1166",-1,2.58908507223114,1.085072,18.25,0.0547945205479452,"1945",0,"Nano-QuIC",TRUE
"S-1185",-1,2.4336,1.16693333333333,19.9875,0.0500312695434647,"1904",0,"Nano-QuIC",TRUE
"S-1256",-1,2.4992125984252,1.03726973333333,19.9556451612903,0.0501111335623358,"1905",12,"Nano-QuIC",TRUE
"S-1303",-1,2.36248012718601,1.00688893333333,22.9642857142857,0.0435458786936236,"1945",18,"Nano-QuIC",TRUE
"S-1306",-1,2.36908517350158,1.07255586666667,21.1529850746269,0.0472746516140413,"B-166",18,"Nano-QuIC",TRUE
"S-1314",-1,2.13809523809524,0.943915333333333,25.0755813953488,0.0398794342684906,"O-39",18,"Nano-QuIC",TRUE
"P",-3,9.72561983471074,4.27988973333333,9.82314148681055,0.101800427220018,NA,NA,"Nano-QuIC",TRUE
"S-1140",-1,2.51833333333333,1.075556,16.5,0.0606060606060606,"B-166",0,"Nano-QuIC",TRUE
"S-1145",-1,2.35725938009788,0.994018666666667,19.972972972973,0.0500676589986468,"1905",0,"Nano-QuIC",TRUE
"S-1153",-1,2.2390243902439,0.934417333333333,19.9402985074627,0.0501497005988024,"Y-15",0,"Nano-QuIC",TRUE
"S-1160",-1,2.12578616352201,0.939204,26.1306818181818,0.0382691889541205,"B-206",0,"Nano-QuIC",TRUE
"S-1165",-1,2.1640127388535,1.02760133333333,24.0869565217391,0.0415162454873646,"1942",0,"Nano-QuIC",TRUE
"S-1166",-1,2.16417910447761,0.937534666666667,24.1875,0.041343669250646,"1945",0,"Nano-QuIC",TRUE
"S-1185",-1,2.13322368421053,0.971490666666667,23.4107142857143,0.0427154843630816,"1904",0,"Nano-QuIC",TRUE
"S-1256",-1,2.08881578947368,0.901316,28.8269230769231,0.0346897931954636,"1905",12,"Nano-QuIC",TRUE
"S-1303",-1,2.07223113964687,0.875334666666667,28.625,0.0349344978165939,"1945",18,"Nano-QuIC",TRUE
"S-1306",-1,2.04833333333333,0.908889333333333,29.7142857142857,0.0336538461538462,"B-166",18,"Nano-QuIC",TRUE
"S-1314",-1,2.16252072968491,0.9087896,28.425,0.0351802990325418,"O-39",18,"Nano-QuIC",TRUE
"P",-3,7.31114808652246,3.66278426666667,9.87890625,0.101225780941083,NA,NA,"Nano-QuIC",TRUE
"S-1140",-1,2.27960526315789,1.01973733333333,19.1785714285714,0.0521415270018622,"B-166",0,"Nano-QuIC",TRUE
"S-1145",-1,2.42147435897436,0.99359,19.5,0.0512820512820513,"1905",0,"Nano-QuIC",TRUE
"S-1153",-1,2.23529411764706,0.973856,19.2422680412371,0.0519689257969462,"Y-15",0,"Nano-QuIC",TRUE
"S-1160",-1,2.25040916530278,1.03436933333333,19.974358974359,0.0500641848523748,"B-206",0,"Nano-QuIC",TRUE
"S-1165",-1,2.39512195121951,0.973441333333333,19.1653846153846,0.0521774031707807,"1942",0,"Nano-QuIC",TRUE
"S-1166",-1,2.07592891760905,0.924070666666667,28.3729508196721,0.0352448360537339,"1945",0,"Nano-QuIC",TRUE
"S-1185",-1,2.136,0.910933333333333,24.027027027027,0.0416197975253093,"1904",0,"Nano-QuIC",TRUE
"S-1256",-1,3.53044871794872,0.846153333333333,36.75,0.0272108843537415,"1905",12,"Nano-QuIC",TRUE
"S-1303",-1,2.01458670988655,0.866558,42,0.0238095238095238,"1945",18,"Nano-QuIC",TRUE
"S-1306",-1,2.10666666666667,0.911110666666667,27.24,0.0367107195301028,"B-166",18,"Nano-QuIC",TRUE
"S-1314",-1,2.09271523178808,0.87638,31.4047619047619,0.0318423047763457,"O-39",18,"Nano-QuIC",TRUE
"P",-3,9.65024630541872,4.50136826666667,8.72916666666667,0.114558472553699,NA,NA,"Nano-QuIC",TRUE
"S-1140",-1,2.28785357737105,0.987244,19.1733333333333,0.0521557719054242,"B-166",0,"Nano-QuIC",TRUE
"S-1145",-1,2.34710743801653,1.046832,19.2466216216216,0.0519571704405828,"1905",0,"Nano-QuIC",TRUE
"S-1153",-1,2.2,0.917073333333333,23.32,0.0428816466552316,"Y-15",0,"Nano-QuIC",TRUE
"S-1160",-1,2.25521669341894,0.9374,22.5,0.0444444444444444,"B-206",0,"Nano-QuIC",TRUE
"S-1165",-1,5.92357723577236,2.73604333333333,15.01,0.0666222518321119,"1942",0,"Nano-QuIC",TRUE
"S-1166",-1,2.19967532467532,0.906926666666667,24.25,0.0412371134020619,"1945",0,"Nano-QuIC",TRUE
"S-1185",-1,2.08667736757624,0.896736,28.3448275862069,0.0352798053527981,"1904",0,"Nano-QuIC",TRUE
"S-1256",-1,2.04575163398693,0.884532,32.5625,0.0307101727447217,"1905",12,"Nano-QuIC",TRUE
"S-1303",-1,2.08681672025723,0.853161333333333,29.1640625,0.0342887757835521,"1945",18,"Nano-QuIC",TRUE
"S-1306",-1,1.93129770992366,0.824427866666667,72,0.0138888888888889,"B-166",18,"Nano-QuIC",FALSE
"S-1314",-1,2.0990099009901,0.851485333333333,31.4021739130435,0.0318449290411907,"O-39",18,"Nano-QuIC",TRUE
"N",-3,2.2712146422629,0.874098666666667,20.89,0.0478697941598851,NA,NA,"Nano-QuIC",TRUE
"S-1329",-1,2.53135313531353,0.970297333333333,18.2478991596639,0.0548008289201013,"O-39",0,"Nano-QuIC",TRUE
"S-1332",-1,2.4329563812601,0.934841333333333,19.1458333333333,0.0522306855277476,"B-167",0,"Nano-QuIC",TRUE
"S-1333",-1,2.44065040650406,0.962601333333333,19.2282608695652,0.0520067834934992,"B-204",0,"Nano-QuIC",TRUE
"S-1335",-1,2.18600953895072,0.903021333333333,24.2631578947368,0.0412147505422993,"B-121",0,"Nano-QuIC",TRUE
"S-1376",-1,2.10443037974684,0.873417333333333,26.1666666666667,0.0382165605095541,"B-167",21,"Nano-QuIC",TRUE
"S-1459",-1,2.15923566878981,0.917197333333333,26.5,0.0377358490566038,"1942",33,"Nano-QuIC",TRUE
"S-1467",-1,2.11642743221691,0.869750666666667,27.25,0.036697247706422,"1904",33,"Nano-QuIC",TRUE
"S-1469",-1,2.02652106084243,0.856994666666667,38.4230769230769,0.026026026026026,"Y-15",33,"Nano-QuIC",TRUE
"S-1470",-1,2.0304,0.832,41.3602941176471,0.0241777777777778,"B-204",33,"Nano-QuIC",TRUE
"S-1471",-1,1.99541984732824,0.893638666666667,72,0.0138888888888889,"B-206",33,"Nano-QuIC",FALSE
"S-1483",-1,2.26885245901639,0.804372,32.6847826086957,0.0305952776854007,"B-121",36,"Nano-QuIC",TRUE
"N",-3,1.6572934973638,0.3362624,72,0.0138888888888889,NA,NA,"Nano-QuIC",FALSE
"S-1329",-1,2.45161290322581,0.860215066666667,19.9817708333333,0.0500456144923759,"O-39",0,"Nano-QuIC",TRUE
"S-1332",-1,2.23937007874016,0.896588,19.975,0.0500625782227785,"B-167",0,"Nano-QuIC",TRUE
"S-1333",-1,2.25949367088608,0.911392,19.9791666666667,0.0500521376433785,"B-204",0,"Nano-QuIC",TRUE
"S-1335",-1,2.13870967741935,0.911828,26.1742424242424,0.038205499276411,"B-121",0,"Nano-QuIC",TRUE
"S-1376",-1,2.09633027522936,0.782874933333333,24.175,0.0413650465356774,"B-167",21,"Nano-QuIC",TRUE
"S-1459",-1,2.05047318611987,0.8033644,35.4861111111111,0.0281800391389432,"1942",33,"Nano-QuIC",TRUE
"S-1467",-1,2.06125574272588,0.808576,34.4711538461538,0.0290097629009763,"1904",33,"Nano-QuIC",TRUE
"S-1469",-1,5.78616352201258,2.6477988,15.3018731988473,0.0653514760581948,"Y-15",33,"Nano-QuIC",TRUE
"S-1470",-1,2.07177033492823,0.818713333333334,29.9605263157895,0.0333772507685551,"B-204",33,"Nano-QuIC",TRUE
"S-1471",-1,2.0226904376013,0.827661333333333,40.6547619047619,0.024597364568082,"B-206",33,"Nano-QuIC",TRUE
"S-1483",-1,1.99506578947368,0.807017866666667,72,0.0138888888888889,"B-121",36,"Nano-QuIC",FALSE
"N",-3,2.24918032786885,0.843716,23.4027777777778,0.0427299703264095,NA,NA,"Nano-QuIC",TRUE
"S-1329",-1,2.16639741518578,0.8939148,23.9512195121951,0.0417515274949084,"O-39",0,"Nano-QuIC",TRUE
"S-1332",-1,2.22275641025641,0.899572,19.9760638297872,0.0500599121288776,"B-167",0,"Nano-QuIC",TRUE
"S-1333",-1,2.20678513731826,0.900377333333333,23.9245283018868,0.0417981072555205,"B-204",0,"Nano-QuIC",TRUE
"S-1335",-1,2.1781045751634,0.906318666666667,24.0625,0.0415584415584416,"B-121",0,"Nano-QuIC",TRUE
"S-1376",-1,2.21314102564103,0.869658666666667,24.25,0.0412371134020619,"B-167",21,"Nano-QuIC",TRUE
"S-1459",-1,2.14533965244866,0.804634666666666,27,0.037037037037037,"1942",33,"Nano-QuIC",TRUE
"S-1467",-1,2.11793214862682,0.818524,29.46875,0.0339342523860021,"1904",33,"Nano-QuIC",TRUE
"S-1469",-1,2.13831478537361,0.843667733333333,28.4777777777778,0.0351150994927819,"Y-15",33,"Nano-QuIC",TRUE
"S-1470",-1,2.04166666666667,0.831196,37.86,0.0264131008980454,"B-204",33,"Nano-QuIC",TRUE
"S-1471",-1,1.98086124401914,0.8187132,72,0.0138888888888889,"B-206",33,"Nano-QuIC",FALSE
"S-1483",-1,2.06867671691792,0.844221333333333,32.1666666666667,0.0310880829015544,"B-121",36,"Nano-QuIC",TRUE
"N",-3,2.32242225859247,0.851064,19.425,0.0514800514800515,NA,NA,"Nano-QuIC",TRUE
"S-1329",-1,2.19365609348915,0.872565333333333,23.4858490566038,0.0425788310905804,"O-39",0,"Nano-QuIC",TRUE
"S-1332",-1,2.4070351758794,0.924622666666667,19.8520833333333,0.0503725469619058,"B-167",0,"Nano-QuIC",TRUE
"S-1333",-1,2.11575562700965,0.855305333333333,28.2155172413793,0.0354414909868622,"B-204",0,"Nano-QuIC",TRUE
"S-1335",-1,2.24027072758037,0.915961333333333,24.0102040816327,0.0416489587760306,"B-121",0,"Nano-QuIC",TRUE
"S-1376",-1,2.25,0.830065333333333,28.9444444444444,0.0345489443378119,"B-167",21,"Nano-QuIC",TRUE
"S-1459",-1,2.83743842364532,0.8516696,28.974358974359,0.0345132743362832,"1942",33,"Nano-QuIC",TRUE
"S-1467",-1,2.0652528548124,0.804785333333333,34.71875,0.0288028802880288,"1904",33,"Nano-QuIC",TRUE
"S-1469",-1,3.67483660130719,0.795206933333333,29.8846153846154,0.0334620334620335,"Y-15",33,"Nano-QuIC",TRUE
"S-1470",-1,2.08673469387755,0.836734666666667,32.6176470588235,0.0306582506762849,"B-204",33,"Nano-QuIC",TRUE
"S-1471",-1,1.9967585089141,0.752025333333333,72,0.0138888888888889,"B-206",33,"Nano-QuIC",FALSE
"S-1483",-1,1.97959183673469,0.795918666666667,72,0.0138888888888889,"B-121",36,"Nano-QuIC",FALSE
"P",-3,6.4320652173913,4.8333332,19.6318181818182,0.0509377170641352,NA,NA,"RT-QuIC",TRUE
"S-1062",-1,1.14441416893733,0.810172,72,0.0138888888888889,"B-146",51,"RT-QuIC",FALSE
"S-1063",-1,1.16944444444444,0.829629333333333,72,0.0138888888888889,"1901",51,"RT-QuIC",FALSE
"S-1064",-1,1.12849162011173,0.767225333333333,72,0.0138888888888889,"Y-16",51,"RT-QuIC",FALSE
"S-1065",-1,1.17086834733894,0.806722666666667,72,0.0138888888888889,"Y-15",51,"RT-QuIC",FALSE
"S-1066",-1,1.12912087912088,0.7875464,72,0.0138888888888889,"B-204",51,"RT-QuIC",FALSE
"S-1067",-1,1.21971830985915,0.7774652,72,0.0138888888888889,"B-206",51,"RT-QuIC",FALSE
"S-1068",-1,1.18803418803419,0.733144,72,0.0138888888888889,"B-199",51,"RT-QuIC",FALSE
"S-1069",-1,1.25348189415042,0.735376,72,0.0138888888888889,"Y-23",51,"RT-QuIC",FALSE
"S-1070",-1,1.21590909090909,0.6439392,72,0.0138888888888889,"B-158",51,"RT-QuIC",FALSE
"S-1071",-1,11.3323076923077,5.74358973333333,15.0531496062992,0.0664312802406172,"B-161",51,"RT-QuIC",TRUE
"S-1072",-1,1.34138972809668,0.696878666666667,72,0.0138888888888889,"B-119",51,"RT-QuIC",FALSE
"P",-3,5.90261282660333,4.53840066666667,14.4981060606061,0.0689745264532985,NA,NA,"RT-QuIC",TRUE
"S-1062",-1,1.15561224489796,0.982993333333333,72,0.0138888888888889,"B-146",51,"RT-QuIC",FALSE
"S-1063",-1,1.16497461928934,0.930626666666667,72,0.0138888888888889,"1901",51,"RT-QuIC",FALSE
"S-1064",-1,1.18085106382979,0.893617333333333,72,0.0138888888888889,"Y-16",51,"RT-QuIC",FALSE
"S-1065",-1,1.14470284237726,0.8441,72,0.0138888888888889,"Y-15",51,"RT-QuIC",FALSE
"S-1066",-1,1.16062176165803,0.839378666666667,72,0.0138888888888889,"B-204",51,"RT-QuIC",FALSE
"S-1067",-1,1.41351351351351,0.911712,72,0.0138888888888889,"B-206",51,"RT-QuIC",FALSE
"S-1068",-1,1.168,0.881777333333333,72,0.0138888888888889,"B-199",51,"RT-QuIC",FALSE
"S-1069",-1,1.21428571428571,0.864197333333333,72,0.0138888888888889,"Y-23",51,"RT-QuIC",FALSE
"S-1070",-1,1.23661971830986,0.882629333333333,72,0.0138888888888889,"B-158",51,"RT-QuIC",FALSE
"S-1071",-1,10.3312302839117,6.27129333333333,13.1871428571429,0.0758314375473946,"B-161",51,"RT-QuIC",TRUE
"S-1072",-1,1.2836676217765,0.787010666666667,72,0.0138888888888889,"B-119",51,"RT-QuIC",FALSE
"P",-3,8.8252427184466,3.79935266666667,15.9177419354839,0.0628229810517783,NA,NA,"RT-QuIC",TRUE
"S-1062",-1,1.19543147208122,0.957698666666667,72,0.0138888888888889,"B-146",51,"RT-QuIC",FALSE
"S-1063",-1,1.17487684729064,0.93596,72,0.0138888888888889,"1901",51,"RT-QuIC",FALSE
"S-1064",-1,1.18112244897959,0.925170666666667,72,0.0138888888888889,"Y-16",51,"RT-QuIC",FALSE
"S-1065",-1,1.14705882352941,0.866013333333333,72,0.0138888888888889,"Y-15",51,"RT-QuIC",FALSE
"S-1066",-1,1.22307692307692,0.888889333333333,72,0.0138888888888889,"B-204",51,"RT-QuIC",FALSE
"S-1067",-1,1.22959183673469,0.867346666666667,72,0.0138888888888889,"B-206",51,"RT-QuIC",FALSE
"S-1068",-1,1.18085106382979,0.861702666666667,72,0.0138888888888889,"B-199",51,"RT-QuIC",FALSE
"S-1069",-1,1.23017902813299,0.838874666666667,72,0.0138888888888889,"Y-23",51,"RT-QuIC",FALSE
"S-1070",-1,1.19512195121951,0.784101333333333,72,0.0138888888888889,"B-158",51,"RT-QuIC",FALSE
"S-1071",-1,10.7781155015198,8.2228976,15.0353982300885,0.0665097115950559,"B-161",51,"RT-QuIC",TRUE
"S-1072",-1,1.24725274725275,0.816849333333333,72,0.0138888888888889,"B-119",51,"RT-QuIC",FALSE
"P",-3,9.13926940639269,4.4261796,14.2692307692308,0.0700808625336927,NA,NA,"RT-QuIC",TRUE
"S-1062",-1,1.25984251968504,1.00787466666667,72,0.0138888888888889,"B-146",51,"RT-QuIC",FALSE
"S-1063",-1,1.16666666666667,0.8789388,72,0.0138888888888889,"1901",51,"RT-QuIC",FALSE
"S-1064",-1,1.13114754098361,0.808742666666667,72,0.0138888888888889,"Y-16",51,"RT-QuIC",FALSE
"S-1065",-1,1.18622448979592,0.928572,72,0.0138888888888889,"Y-15",51,"RT-QuIC",FALSE
"S-1066",-1,1.18925831202046,0.893436,72,0.0138888888888889,"B-204",51,"RT-QuIC",FALSE
"S-1067",-1,1.22303921568627,0.8496732,72,0.0138888888888889,"B-206",51,"RT-QuIC",FALSE
"S-1068",-1,1.10714285714286,0.743589333333333,72,0.0138888888888889,"B-199",51,"RT-QuIC",FALSE
"S-1069",-1,1.15441176470588,0.8104568,72,0.0138888888888889,"Y-23",51,"RT-QuIC",FALSE
"S-1070",-1,1.23387096774194,0.863798666666666,72,0.0138888888888889,"B-158",51,"RT-QuIC",FALSE
"S-1071",-1,11.7744807121662,6.72205733333333,14.716814159292,0.0679494888755262,"B-161",51,"RT-QuIC",TRUE
"S-1072",-1,1.41456582633053,0.859010133333333,72,0.0138888888888889,"B-119",51,"RT-QuIC",FALSE
"N",-3,1.32446808510638,0.8226956,72,0.0138888888888889,NA,NA,"RT-QuIC",FALSE
"S-1073",-1,1.24,0.928,72,0.0138888888888889,"B-120",51,"RT-QuIC",FALSE
"S-1074",-1,1.13456464379947,0.886544,72,0.0138888888888889,"O-37",51,"RT-QuIC",FALSE
"S-1075",-1,1.13720316622691,0.830254666666667,72,0.0138888888888889,"1946",51,"RT-QuIC",FALSE
"S-1076",-1,1.22480620155039,0.857881333333333,72,0.0138888888888889,"B-109",51,"RT-QuIC",FALSE
"S-1077",-1,1.17021276595745,0.851064,72,0.0138888888888889,"B-155",51,"RT-QuIC",FALSE
"S-1078",-1,1.24523160762943,0.802906666666667,72,0.0138888888888889,"Y-15",63,"RT-QuIC",FALSE
"S-1079",-1,1.17355371900826,0.841138666666667,72,0.0138888888888889,"B-204",63,"RT-QuIC",FALSE
"S-1080",-1,1.1769436997319,0.7649692,72,0.0138888888888889,"B-206",63,"RT-QuIC",FALSE
"S-1081",-1,1.24242424242424,0.800734666666667,72,0.0138888888888889,"1942",6,"RT-QuIC",FALSE
"S-1082",-1,6.54847645429363,3.933518,55.7755220417633,0.0179290119284088,"B-146",6,"RT-QuIC",TRUE
"S-1083",-1,1.21407624633431,0.793743466666667,72,0.0138888888888889,"1945",6,"RT-QuIC",FALSE
"N",-3,1.18226600985222,0.873562933333333,72,0.0138888888888889,NA,NA,"RT-QuIC",FALSE
"S-1073",-1,1.19642857142857,0.942177333333333,72,0.0138888888888889,"B-120",51,"RT-QuIC",FALSE
"S-1074",-1,1.19607843137255,0.826797333333333,72,0.0138888888888889,"O-37",51,"RT-QuIC",FALSE
"S-1075",-1,1.17632241813602,0.906801333333333,72,0.0138888888888889,"1946",51,"RT-QuIC",FALSE
"S-1076",-1,1.14925373134328,0.898838666666667,72,0.0138888888888889,"B-109",51,"RT-QuIC",FALSE
"S-1077",-1,1.25063938618926,0.872974666666667,72,0.0138888888888889,"B-155",51,"RT-QuIC",FALSE
"S-1078",-1,1.24538258575198,0.826737333333333,72,0.0138888888888889,"Y-15",63,"RT-QuIC",FALSE
"S-1079",-1,1.17391304347826,0.777494133333333,72,0.0138888888888889,"B-204",63,"RT-QuIC",FALSE
"S-1080",-1,1.66834170854271,0.907872666666667,72,0.0138888888888889,"B-206",63,"RT-QuIC",FALSE
"S-1081",-1,1.14786967418546,0.771929466666667,72,0.0138888888888889,"1942",6,"RT-QuIC",FALSE
"S-1082",-1,1.17539267015707,0.7958112,72,0.0138888888888889,"B-146",6,"RT-QuIC",FALSE
"S-1083",-1,3.06593406593407,1.94871786666667,66.3367507886435,0.0150746002496582,"1945",6,"RT-QuIC",TRUE
"N",-3,1.19221411192214,0.856447066666667,72,0.0138888888888889,NA,NA,"RT-QuIC",FALSE
"S-1073",-1,1.16707021791768,0.8716704,72,0.0138888888888889,"B-120",51,"RT-QuIC",FALSE
"S-1074",-1,1.16829268292683,0.813008,72,0.0138888888888889,"O-37",51,"RT-QuIC",FALSE
"S-1075",-1,1.25139664804469,0.804469333333333,72,0.0138888888888889,"1946",51,"RT-QuIC",FALSE
"S-1076",-1,2.37264150943396,1.24528293333333,67.5958904109589,0.0147937987638059,"B-109",51,"RT-QuIC",TRUE
"S-1077",-1,1.16582914572864,0.860972,72,0.0138888888888889,"B-155",51,"RT-QuIC",FALSE
"S-1078",-1,1.23177083333333,0.798610666666667,72,0.0138888888888889,"Y-15",63,"RT-QuIC",FALSE
"S-1079",-1,3.70095693779904,2.32216906666667,46.8132470119522,0.0213614748779268,"B-204",63,"RT-QuIC",TRUE
"S-1080",-1,1.15158924205379,0.730235866666667,72,0.0138888888888889,"B-206",63,"RT-QuIC",FALSE
"S-1081",-1,1.13592233009709,0.741099733333333,72,0.0138888888888889,"1942",6,"RT-QuIC",FALSE
"S-1082",-1,1.22281167108753,0.785145333333333,72,0.0138888888888889,"B-146",6,"RT-QuIC",FALSE
"S-1083",-1,1.28735632183908,0.862069333333333,72,0.0138888888888889,"1945",6,"RT-QuIC",FALSE
"N",-3,1.24303797468354,0.894514933333333,72,0.0138888888888889,NA,NA,"RT-QuIC",FALSE
"S-1073",-1,1.22631578947368,0.964912,72,0.0138888888888889,"B-120",51,"RT-QuIC",FALSE
"S-1074",-1,1.21875,0.843749333333333,72,0.0138888888888889,"O-37",51,"RT-QuIC",FALSE
"S-1075",-1,1.1968085106383,0.822694666666667,72,0.0138888888888889,"1946",51,"RT-QuIC",FALSE
"S-1076",-1,1.20408163265306,0.806122666666667,72,0.0138888888888889,"B-109",51,"RT-QuIC",FALSE
"S-1077",-1,1.20725388601036,0.784110666666667,72,0.0138888888888889,"B-155",51,"RT-QuIC",FALSE
"S-1078",-1,5.14864864864865,1.41981973333333,61.2696850393701,0.0163212851405622,"Y-15",63,"RT-QuIC",TRUE
"S-1079",-1,1.24331550802139,0.805704,72,0.0138888888888889,"B-204",63,"RT-QuIC",FALSE
"S-1080",-1,1.25945945945946,0.742342666666667,72,0.0138888888888889,"B-206",63,"RT-QuIC",FALSE
"S-1081",-1,1.2133676092545,0.771208266666667,72,0.0138888888888889,"1942",6,"RT-QuIC",FALSE
"S-1082",-1,1.21635883905013,0.7247136,72,0.0138888888888889,"B-146",6,"RT-QuIC",FALSE
"S-1083",-1,2.71657754010695,0.9875224,70.073051948052,0.0142708212672304,"1945",6,"RT-QuIC",TRUE
"P",-3,10.0603174603175,3.6126984,9.65637065637066,0.103558576569372,NA,NA,"Nano-QuIC",TRUE
"S-1084",-1,4.19532554257095,1.631608,20.75,0.0481927710843374,"B-112",6,"Nano-QuIC",TRUE
"S-1085",-1,2.2411003236246,1.63538266666667,24.9166666666667,0.040133779264214,"B-121",6,"Nano-QuIC",TRUE
"S-1086",-1,2.27164685908319,1.670628,22.7,0.0440528634361234,"B-166",6,"Nano-QuIC",TRUE
"S-1087",-1,2.26973684210526,1.64035066666667,22.3333333333333,0.0447761194029851,"1901",6,"Nano-QuIC",TRUE
"S-1088",-1,2.25737704918033,1.56939866666667,22.25,0.0449438202247191,"1941",6,"Nano-QuIC",TRUE
"S-1089",-1,2.25531914893617,1.66939466666667,25.2777777777778,0.0395604395604396,"1944",6,"Nano-QuIC",TRUE
"S-1090",-1,2.24183006535948,1.49891066666667,24.5,0.0408163265306122,"Y-16",6,"Nano-QuIC",TRUE
"S-1091",-1,2.18048780487805,1.55664,25.1904761904762,0.0396975425330813,"Y-18",6,"Nano-QuIC",TRUE
"S-1092",-1,2.23064516129032,1.494624,29.1029411764706,0.0343607882769075,"1905",6,"Nano-QuIC",TRUE
"S-1093",-1,2.30677966101695,1.70621466666667,24.1875,0.041343669250646,"B-167",6,"Nano-QuIC",TRUE
"S-1094",-1,2.33835845896147,1.58570666666667,23.4285714285714,0.0426829268292683,"1904",6,"Nano-QuIC",TRUE
"P",-3,7.66077170418006,3.7749196,7.93636363636364,0.126002290950745,NA,NA,"Nano-QuIC",TRUE
"S-1084",-1,2.1973898858075,1.5334424,23.7083333333333,0.0421792618629174,"B-112",6,"Nano-QuIC",TRUE
"S-1085",-1,2.21322314049587,2.038568,21.4852941176471,0.0465434633812457,"B-121",6,"Nano-QuIC",TRUE
"S-1086",-1,2.26480263157895,1.56798266666667,22.1041666666667,0.0452403393025448,"B-166",6,"Nano-QuIC",TRUE
"S-1087",-1,2.17666126418152,1.57536533333333,22.25,0.0449438202247191,"1901",6,"Nano-QuIC",TRUE
"S-1088",-1,2.31578947368421,1.69552933333333,19.365,0.0516395558998193,"1941",6,"Nano-QuIC",TRUE
"S-1089",-1,2.09262166405024,1.5782316,28.6704545454545,0.0348791121680539,"1944",6,"Nano-QuIC",TRUE
"S-1090",-1,2.2279534109817,1.59511866666667,22,0.0454545454545455,"Y-16",6,"Nano-QuIC",TRUE
"S-1091",-1,2.14748784440843,1.63803333333333,25.5384615384615,0.0391566265060241,"Y-18",6,"Nano-QuIC",TRUE
"S-1092",-1,2.18905472636816,1.65174133333333,23.4833333333333,0.042583392476934,"1905",6,"Nano-QuIC",TRUE
"S-1093",-1,2.16445182724252,1.718716,24.75,0.0404040404040404,"B-167",6,"Nano-QuIC",TRUE
"S-1094",-1,2.2258064516129,1.55053733333333,24.4396551724138,0.0409171075837743,"1904",6,"Nano-QuIC",TRUE
"P",-3,7.57777777777778,3.9619048,7.77902621722846,0.128550794415022,NA,NA,"Nano-QuIC",TRUE
"S-1084",-1,2.23709677419355,1.61505333333333,23.6277777777778,0.0423230660710087,"B-112",6,"Nano-QuIC",TRUE
"S-1085",-1,2.13928012519562,1.52738666666667,27.2604166666667,0.0366832250668705,"B-121",6,"Nano-QuIC",TRUE
"S-1086",-1,2.22294022617124,1.60904666666667,22.25,0.0449438202247191,"B-166",6,"Nano-QuIC",TRUE
"S-1087",-1,2.198738170347,1.53732933333333,22.1911764705882,0.0450629555997349,"1901",6,"Nano-QuIC",TRUE
"S-1088",-1,2.04643962848297,1.54592386666667,28.8918918918919,0.0346117867165575,"1941",6,"Nano-QuIC",TRUE
"S-1089",-1,2.1601866251944,1.609124,26.234375,0.038117927337701,"1944",6,"Nano-QuIC",TRUE
"S-1090",-1,2.10510046367852,1.55177706666667,25.7173913043478,0.0388841927303466,"Y-16",6,"Nano-QuIC",TRUE
"S-1091",-1,2.20094936708861,1.51687733333333,25.7440476190476,0.0388439306358382,"Y-18",6,"Nano-QuIC",TRUE
"S-1092",-1,2.14673046251994,1.526848,27.23125,0.0367225154923112,"1905",6,"Nano-QuIC",TRUE
"S-1093",-1,2.14100486223663,1.538628,25.2256097560976,0.0396422528402224,"B-167",6,"Nano-QuIC",TRUE
"S-1094",-1,2.08306188925081,1.44625466666667,28.2338709677419,0.035418451870894,"1904",6,"Nano-QuIC",TRUE
"P",-3,9.97301587301587,3.29523813333333,8.27542372881356,0.12083973374296,NA,NA,"Nano-QuIC",TRUE
"S-1084",-1,2.25167785234899,1.55257333333333,22.9393939393939,0.0435931307793923,"B-112",6,"Nano-QuIC",TRUE
"S-1085",-1,2.14856230031949,1.45473866666667,24.95,0.0400801603206413,"B-121",6,"Nano-QuIC",TRUE
"S-1086",-1,2.0953125,1.45833333333333,27.5384615384615,0.0363128491620112,"B-166",6,"Nano-QuIC",TRUE
"S-1087",-1,2.07430340557276,1.60990666666667,28.75,0.0347826086956522,"1901",6,"Nano-QuIC",TRUE
"S-1088",-1,2.01676829268293,1.39430933333333,34.4427083333333,0.0290337214577348,"1941",6,"Nano-QuIC",TRUE
"S-1089",-1,2.23717948717949,1.521368,23.8706896551724,0.0418923799205489,"1944",6,"Nano-QuIC",TRUE
"S-1090",-1,2.16108452950558,1.520468,28.575,0.0349956255468067,"Y-16",6,"Nano-QuIC",TRUE
"S-1091",-1,2.12792511700468,1.401976,27.984375,0.0357342266890006,"Y-18",6,"Nano-QuIC",TRUE
"S-1092",-1,2.07131782945736,1.49043866666667,32.3676470588235,0.0308950477055884,"1905",6,"Nano-QuIC",TRUE
"S-1093",-1,2.02927580893683,1.39291173333333,39.1964285714286,0.0255125284738041,"B-167",6,"Nano-QuIC",TRUE
"S-1094",-1,2.8599348534202,1.4962,25.6081081081081,0.0390501319261214,"1904",6,"Nano-QuIC",TRUE
"N",-3,2.35884353741497,1.47165466666667,22.4583333333333,0.0445269016697588,NA,NA,"Nano-QuIC",TRUE
"S-1095",-1,2.33783783783784,1.58108133333333,23.5,0.0425531914893617,"1943",6,"Nano-QuIC",TRUE
"S-1096",-1,2.26567656765677,1.54015466666667,25.0769230769231,0.0398773006134969,"O-39",6,"Nano-QuIC",TRUE
"S-1097",-1,2.27687296416938,1.49185733333333,22.7241379310345,0.0440060698027314,"Y-15",6,"Nano-QuIC",TRUE
"S-1098",-1,2.13680781758958,1.34636266666667,27.875,0.0358744394618834,"B-204",6,"Nano-QuIC",TRUE
"S-1099",-1,2.23883161512027,1.40206133333333,23.6363636363636,0.0423076923076923,"B-206",6,"Nano-QuIC",TRUE
"S-1100",-1,2.16969696969697,1.37373773333333,28.7291666666667,0.0348078317621465,"B-199",6,"Nano-QuIC",TRUE
"S-1101",-1,2.14093959731544,1.3847876,24.7205882352941,0.0404521118381916,"Y-23",6,"Nano-QuIC",TRUE
"S-1102",-1,2.17179902755267,1.65316,27.5,0.0363636363636364,"B-158",6,"Nano-QuIC",TRUE
"S-1103",-1,2.11274509803922,1.42047866666667,31.5,0.0317460317460317,"B-161",6,"Nano-QuIC",TRUE
"S-1104",-1,2.21070234113712,1.509476,25.6223958333333,0.0390283565402988,"B-119",6,"Nano-QuIC",TRUE
"S-1105",-1,2.1787521079258,1.69308666666667,25.6060606060606,0.0390532544378698,"B-120",6,"Nano-QuIC",TRUE
"N",-3,2.29459901800327,1.42062133333333,22.3823529411765,0.0446780551905388,NA,NA,"Nano-QuIC",TRUE
"S-1095",-1,2.19032258064516,1.40430133333333,23.7152777777778,0.0421669106881406,"1943",6,"Nano-QuIC",TRUE
"S-1096",-1,4.85573770491803,1.50819733333333,27.3333333333333,0.0365853658536585,"O-39",6,"Nano-QuIC",TRUE
"S-1097",-1,2.19838709677419,1.43655866666667,25.3125,0.0395061728395062,"Y-15",6,"Nano-QuIC",TRUE
"S-1098",-1,2.04785478547855,1.40374,31.4349315068493,0.0318117441987145,"B-204",6,"Nano-QuIC",TRUE
"S-1099",-1,2.19967266775777,1.47517733333333,24.4615384615385,0.0408805031446541,"B-206",6,"Nano-QuIC",TRUE
"S-1100",-1,8.08278145695364,2.81456946666667,62.0769230769231,0.0161090458488228,"B-199",6,"Nano-QuIC",TRUE
"S-1101",-1,1.99029126213592,1.26429386666667,72,0.0138888888888889,"Y-23",6,"Nano-QuIC",FALSE
"S-1102",-1,2.11842105263158,1.41886,29.6666666666667,0.0337078651685393,"B-158",6,"Nano-QuIC",TRUE
"S-1103",-1,1.8735119047619,1.2261904,72,0.0138888888888889,"B-161",6,"Nano-QuIC",FALSE
"S-1104",-1,2.21359223300971,1.50593333333333,25.625,0.0390243902439024,"B-119",6,"Nano-QuIC",TRUE
"S-1105",-1,2.13256955810147,1.462084,25.6290322580645,0.039018250471995,"B-120",6,"Nano-QuIC",TRUE
"N",-3,2.21308724832215,1.40715866666667,22.9651162790698,0.0435443037974684,NA,NA,"Nano-QuIC",TRUE
"S-1095",-1,2.17687074829932,1.47392266666667,22.4034090909091,0.0446360639107279,"1943",6,"Nano-QuIC",TRUE
"S-1096",-1,2.14548494983278,1.47603066666667,24.6122448979592,0.0406301824212272,"O-39",6,"Nano-QuIC",TRUE
"S-1097",-1,2.22704507512521,1.55592666666667,24.75,0.0404040404040404,"Y-15",6,"Nano-QuIC",TRUE
"S-1098",-1,2.08006279434851,1.42124533333333,29.6710526315789,0.0337028824833703,"B-204",6,"Nano-QuIC",TRUE
"S-1099",-1,2.03025477707006,1.335456,36.97,0.0270489586150933,"B-206",6,"Nano-QuIC",TRUE
"S-1100",-1,1.97674418604651,1.3289032,72,0.0138888888888889,"B-199",6,"Nano-QuIC",FALSE
"S-1101",-1,1.9253499222395,1.28771333333333,72,0.0138888888888889,"Y-23",6,"Nano-QuIC",FALSE
"S-1102",-1,2.04836193447738,1.33125333333333,35.95,0.0278164116828929,"B-158",6,"Nano-QuIC",TRUE
"S-1103",-1,2.5008025682183,1.365436,38.4910714285714,0.0259800510322431,"B-161",6,"Nano-QuIC",TRUE
"S-1104",-1,1.92443729903537,1.32690226666667,72,0.0138888888888889,"B-119",6,"Nano-QuIC",FALSE
"S-1105",-1,1.98475609756098,1.286586,72,0.0138888888888889,"B-120",6,"Nano-QuIC",FALSE
"N",-3,2.18181818181818,1.218284,26.7115384615385,0.0374370050395968,NA,NA,"Nano-QuIC",TRUE
"S-1095",-1,5.90604026845638,2.22371373333333,68.7672955974843,0.0145417962319371,"1943",6,"Nano-QuIC",TRUE
"S-1096",-1,2.03934426229508,1.30928933333333,30.475,0.0328137817883511,"O-39",6,"Nano-QuIC",TRUE
"S-1097",-1,2.07986688851913,1.28896266666667,30.975,0.0322841000807102,"Y-15",6,"Nano-QuIC",TRUE
"S-1098",-1,2.10965630114566,1.213312,27.4833333333333,0.0363856882959369,"B-204",6,"Nano-QuIC",TRUE
"S-1099",-1,2.06101694915254,1.31299466666667,28.2211538461538,0.0354344122657581,"B-206",6,"Nano-QuIC",TRUE
"S-1100",-1,2.06907894736842,1.241228,27.5892857142857,0.0362459546925566,"B-199",6,"Nano-QuIC",TRUE
"S-1101",-1,2.91830065359477,1.19172133333333,31.1621621621622,0.0320901994796184,"Y-23",6,"Nano-QuIC",TRUE
"S-1102",-1,2.03284072249589,1.41434,29.2083333333333,0.0342368045649073,"B-158",6,"Nano-QuIC",TRUE
"S-1103",-1,2.08768971332209,1.31534533333333,29.8333333333333,0.0335195530726257,"B-161",6,"Nano-QuIC",TRUE
"S-1104",-1,8.99838969404187,3.0617284,30.4276315789474,0.0328648648648649,"B-119",6,"Nano-QuIC",TRUE
"S-1105",-1,2.03758169934641,1.4749452,30.4924242424242,0.0327950310559006,"B-120",6,"Nano-QuIC",TRUE
"P",-3,8.01859504132231,4.57575746666667,8.80009541984733,0.113635131471944,NA,NA,"Nano-QuIC",TRUE
"S-1062",-1,2.26160337552743,1.772152,19,0.0526315789473684,"B-146",51,"Nano-QuIC",TRUE
"S-1063",-1,2.20540540540541,1.34054,26.2017045454545,0.0381654559254039,"1901",51,"Nano-QuIC",TRUE
"S-1064",-1,2.39955357142857,1.73511866666667,15.78125,0.0633663366336634,"Y-16",51,"Nano-QuIC",TRUE
"S-1065",-1,2.26024590163934,1.79781466666667,19.1212121212121,0.05229793977813,"Y-15",51,"Nano-QuIC",TRUE
"S-1066",-1,2.25949367088608,1.81434533333333,18.4565217391304,0.0541813898704358,"B-204",51,"Nano-QuIC",TRUE
"S-1067",-1,3.25732217573222,1.79079466666667,18.9705882352941,0.0527131782945736,"B-206",51,"Nano-QuIC",TRUE
"S-1068",-1,2.17622950819672,1.726776,22.1463414634146,0.0451541850220264,"B-199",51,"Nano-QuIC",TRUE
"S-1069",-1,2.16421052631579,1.79087733333333,20.9285714285714,0.0477815699658703,"Y-23",51,"Nano-QuIC",TRUE
"S-1070",-1,2.16666666666667,1.70833333333333,20.7857142857143,0.0481099656357388,"B-158",51,"Nano-QuIC",TRUE
"S-1071",-1,11.0135440180587,5.405568,8.25461741424802,0.121144318363433,"B-161",51,"Nano-QuIC",TRUE
"S-1072",-1,2.33194154488518,1.71746666666667,17.87,0.0559597090095132,"B-119",51,"Nano-QuIC",TRUE
"P",-3,10.3796477495108,3.96347026666667,8.55966469428008,0.11682700616395,NA,NA,"Nano-QuIC",TRUE
"S-1062",-1,2.24318658280922,1.77218666666667,18.1388888888889,0.0551301684532925,"B-146",51,"Nano-QuIC",TRUE
"S-1063",-1,2.33469387755102,1.78503466666667,19,0.0526315789473684,"1901",51,"Nano-QuIC",TRUE
"S-1064",-1,2.23217922606925,1.75424266666667,18.6785714285714,0.0535372848948375,"Y-16",51,"Nano-QuIC",TRUE
"S-1065",-1,8.75257731958763,2.78487973333333,17.4166666666667,0.0574162679425837,"Y-15",51,"Nano-QuIC",TRUE
"S-1066",-1,2.184,1.784,18.6666666666667,0.0535714285714286,"B-204",51,"Nano-QuIC",TRUE
"S-1067",-1,2.8714859437751,1.74564933333333,17.6195652173913,0.0567550894509562,"B-206",51,"Nano-QuIC",TRUE
"S-1068",-1,3.01226993865031,1.837764,17.9305555555556,0.0557707203718048,"B-199",51,"Nano-QuIC",TRUE
"S-1069",-1,2.19878296146045,1.77146666666667,19.6176470588235,0.0509745127436282,"Y-23",51,"Nano-QuIC",TRUE
"S-1070",-1,2.82744282744283,1.77130933333333,18.61,0.0537345513164965,"B-158",51,"Nano-QuIC",TRUE
"S-1071",-1,10.6165577342048,5.9288308,8.11293103448276,0.123260014876209,"B-161",51,"Nano-QuIC",TRUE
"S-1072",-1,2.33536585365854,1.747968,18.21875,0.0548885077186964,"B-119",51,"Nano-QuIC",TRUE
"P",-3,6.83269230769231,3.19230773333333,10.1865671641791,0.0981684981684982,NA,NA,"Nano-QuIC",TRUE
"S-1062",-1,2.14928425357873,1.76687066666667,18.5921052631579,0.0537862703467799,"B-146",51,"Nano-QuIC",TRUE
"S-1063",-1,6.15090543259557,2.4171696,18.6,0.053763440860215,"1901",51,"Nano-QuIC",TRUE
"S-1064",-1,2.28220858895706,1.79141066666667,17,0.0588235294117647,"Y-16",51,"Nano-QuIC",TRUE
"S-1065",-1,2.23838383838384,1.767004,17.8833333333333,0.0559179869524697,"Y-15",51,"Nano-QuIC",TRUE
"S-1066",-1,2.114,1.712,21.984375,0.0454868514570007,"B-204",51,"Nano-QuIC",TRUE
"S-1067",-1,5.668,2.64533333333333,20.6875,0.0483383685800604,"B-206",51,"Nano-QuIC",TRUE
"S-1068",-1,3.25208333333333,1.84722266666667,18.625,0.0536912751677852,"B-199",51,"Nano-QuIC",TRUE
"S-1069",-1,2.11359026369168,1.73089866666667,20.8611111111111,0.0479360852197071,"Y-23",51,"Nano-QuIC",TRUE
"S-1070",-1,8.33604887983707,2.88662586666667,19.2321428571429,0.0519962859795729,"B-158",51,"Nano-QuIC",TRUE
"S-1071",-1,11.6993318485523,6.21232373333333,6.576875,0.152047895086952,"B-161",51,"Nano-QuIC",TRUE
"S-1072",-1,2.31474103585657,1.5962816,19.2142857142857,0.0520446096654275,"B-119",51,"Nano-QuIC",TRUE
"P",-3,8.22306238185255,3.8991808,8.09025270758123,0.123605533244087,NA,NA,"Nano-QuIC",TRUE
"S-1062",-1,2.24285714285714,1.708844,18.625,0.0536912751677852,"B-146",51,"Nano-QuIC",TRUE
"S-1063",-1,9.30346232179226,2.93822133333333,21.8653846153846,0.0457343887423043,"1901",51,"Nano-QuIC",TRUE
"S-1064",-1,2.23217922606925,1.73794933333333,18.5192307692308,0.0539979231568017,"Y-16",51,"Nano-QuIC",TRUE
"S-1065",-1,2.14370078740157,1.69553866666667,21.7727272727273,0.0459290187891441,"Y-15",51,"Nano-QuIC",TRUE
"S-1066",-1,2.216,1.66933333333333,19.9166666666667,0.0502092050209205,"B-204",51,"Nano-QuIC",TRUE
"S-1067",-1,2.21782178217822,1.679208,19.65625,0.0508744038155803,"B-206",51,"Nano-QuIC",TRUE
"S-1068",-1,2.13184584178499,1.717376,21.8785714285714,0.0457068233757754,"B-199",51,"Nano-QuIC",TRUE
"S-1069",-1,2.21414141414141,1.694276,19.719696969697,0.050710718401844,"Y-23",51,"Nano-QuIC",TRUE
"S-1070",-1,2.13855421686747,1.71352133333333,21,0.0476190476190476,"B-158",51,"Nano-QuIC",TRUE
"S-1071",-1,11.1776765375854,6.23842053333333,8.31123595505618,0.120319048262809,"B-161",51,"Nano-QuIC",TRUE
"S-1072",-1,5.91340206185567,1.88316146666667,17.4642857142857,0.0572597137014315,"B-119",51,"Nano-QuIC",TRUE
"N",-3,2.31404958677686,1.59228666666667,17.9765625,0.0556279878313777,NA,NA,"Nano-QuIC",TRUE
"S-1073",-1,2.12396694214876,1.652892,22.7357142857143,0.0439836632108074,"B-120",51,"Nano-QuIC",TRUE
"S-1074",-1,2.01848049281314,1.63449733333333,31.1842105263158,0.0320675105485232,"O-37",51,"Nano-QuIC",TRUE
"S-1075",-1,2.21532091097308,1.70048266666667,18.7291666666667,0.0533926585094549,"1946",51,"Nano-QuIC",TRUE
"S-1076",-1,10.8689516129032,5.7311828,10.04296875,0.0995721509140412,"B-109",51,"Nano-QuIC",TRUE
"S-1077",-1,2.05175983436853,1.725328,27.9827586206897,0.0357362908194701,"B-155",51,"Nano-QuIC",TRUE
"S-1078",-1,7.81395348837209,3.4503172,22.9673913043478,0.0435399905347847,"Y-15",63,"Nano-QuIC",TRUE
"S-1079",-1,2.14609053497942,1.662552,21.96875,0.0455192034139403,"B-204",63,"Nano-QuIC",TRUE
"S-1080",-1,2.13125,1.70277733333333,21.9102564102564,0.0456407255705091,"B-206",63,"Nano-QuIC",TRUE
"S-1081",-1,2.12179487179487,1.524216,20.4210526315789,0.0489690721649485,"1942",6,"Nano-QuIC",TRUE
"S-1082",-1,2.0656779661017,1.711864,25.7162162162162,0.0388859695218077,"B-146",6,"Nano-QuIC",TRUE
"S-1083",-1,2.16421052631579,1.644912,21.2,0.0471698113207547,"1945",6,"Nano-QuIC",TRUE
"N",-3,2.19291338582677,1.41207333333333,20.6379310344828,0.0484544695071011,NA,NA,"Nano-QuIC",TRUE
"S-1073",-1,3.51669941060904,1.55075333333333,27.8928571428571,0.0358514724711908,"B-120",51,"Nano-QuIC",TRUE
"S-1074",-1,2.12040816326531,1.63537466666667,22.9121621621622,0.0436449424948393,"O-37",51,"Nano-QuIC",TRUE
"S-1075",-1,2.12,1.56533333333333,24.241935483871,0.0412508316699933,"1946",51,"Nano-QuIC",TRUE
"S-1076",-1,2.09306930693069,1.60792133333333,25.9625,0.0385170919595571,"B-109",51,"Nano-QuIC",TRUE
"S-1077",-1,2.08531746031746,1.626984,27.8586956521739,0.0358954350370659,"B-155",51,"Nano-QuIC",TRUE
"S-1078",-1,2.14228456913828,1.61656666666667,23.3823529411765,0.0427672955974843,"Y-15",63,"Nano-QuIC",TRUE
"S-1079",-1,2.00594059405941,1.565676,33.4779411764706,0.0298704151109159,"B-204",63,"Nano-QuIC",TRUE
"S-1080",-1,2.11111111111111,1.534392,25.8,0.0387596899224806,"B-206",63,"Nano-QuIC",TRUE
"S-1081",-1,2.10590631364562,1.632044,25.6666666666667,0.038961038961039,"1942",6,"Nano-QuIC",TRUE
"S-1082",-1,2.11434511434511,1.61607733333333,22.2142857142857,0.045016077170418,"B-146",6,"Nano-QuIC",TRUE
"S-1083",-1,2.0974025974026,1.642136,25.125,0.0398009950248756,"1945",6,"Nano-QuIC",TRUE
"N",-3,2.193359375,1.48437466666667,18.4375,0.0542372881355932,NA,NA,"Nano-QuIC",TRUE
"S-1073",-1,2.11729622266402,1.57985466666667,20.75,0.0481927710843374,"B-120",51,"Nano-QuIC",TRUE
"S-1074",-1,2.15757575757576,1.58383866666667,21.21875,0.0471281296023564,"O-37",51,"Nano-QuIC",TRUE
"S-1075",-1,2.17261904761905,1.57407466666667,21.8684210526316,0.0457280385078219,"1946",51,"Nano-QuIC",TRUE
"S-1076",-1,3.86575875486381,1.50454,22.8515625,0.0437606837606838,"B-109",51,"Nano-QuIC",TRUE
"S-1077",-1,2.06792452830189,1.496856,28.3928571428571,0.0352201257861635,"B-155",51,"Nano-QuIC",TRUE
"S-1078",-1,3.37869822485207,1.530572,26.0588235294118,0.0383747178329571,"Y-15",63,"Nano-QuIC",TRUE
"S-1079",-1,2.08039215686275,1.51111066666667,26.2083333333333,0.0381558028616852,"B-204",63,"Nano-QuIC",TRUE
"S-1080",-1,2.08858267716535,1.50393733333333,25.1944444444444,0.0396912899669239,"B-206",63,"Nano-QuIC",TRUE
"S-1081",-1,3.14395393474088,1.430582,27.4166666666667,0.0364741641337386,"1942",6,"Nano-QuIC",TRUE
"S-1082",-1,11.6344969199179,7.21971253333333,21.4239130434783,0.0466768138001015,"B-146",6,"Nano-QuIC",TRUE
"S-1083",-1,2.32323232323232,1.45723866666667,18.0792682926829,0.0553119730185498,"1945",6,"Nano-QuIC",TRUE
"N",-3,2.16535433070866,1.26246666666667,20.59375,0.0485584218512898,NA,NA,"Nano-QuIC",TRUE
"S-1073",-1,2.02312138728324,1.39499066666667,28.25,0.0353982300884956,"B-120",51,"Nano-QuIC",TRUE
"S-1074",-1,1.98449612403101,1.40051733333333,72,0.0138888888888889,"O-37",51,"Nano-QuIC",FALSE
"S-1075",-1,2.1002004008016,1.40547733333333,26.0952380952381,0.0383211678832117,"1946",51,"Nano-QuIC",TRUE
"S-1076",-1,2.14285714285714,1.38290933333333,24.95,0.0400801603206413,"B-109",51,"Nano-QuIC",TRUE
"S-1077",-1,3.8605577689243,1.44223066666667,23.40625,0.0427236315086782,"B-155",51,"Nano-QuIC",TRUE
"S-1078",-1,8.27431906614786,2.8586252,26.3333333333333,0.0379746835443038,"Y-15",63,"Nano-QuIC",TRUE
"S-1079",-1,2.076171875,1.372396,28.7857142857143,0.0347394540942928,"B-204",63,"Nano-QuIC",TRUE
"S-1080",-1,2.0978886756238,1.38195733333333,27.85,0.0359066427289048,"B-206",63,"Nano-QuIC",TRUE
"S-1081",-1,2.27397260273973,1.37769053333333,20.35,0.0491400491400491,"1942",6,"Nano-QuIC",TRUE
"S-1082",-1,2.15560165975104,1.4163208,21.5,0.0465116279069767,"B-146",6,"Nano-QuIC",TRUE
"S-1083",-1,8.07056451612903,2.87096773333333,18.1931818181818,0.0549656464709557,"1945",6,"Nano-QuIC",TRUE
"P",-3,8.07142857142857,5.65079373333333,10.7658959537572,0.0928859060402685,NA,NA,"RT-QuIC",TRUE
"S-1084",-1,1.24022346368715,1.07262506666667,72,0.0138888888888889,"B-112",6,"RT-QuIC",FALSE
"S-1085",-1,1.26243093922652,1.13075453333333,72,0.0138888888888889,"B-121",6,"RT-QuIC",FALSE
"S-1086",-1,1.41142857142857,1.12380933333333,72,0.0138888888888889,"B-166",6,"RT-QuIC",FALSE
"S-1087",-1,1.24119241192412,1.0803976,72,0.0138888888888889,"1901",6,"RT-QuIC",FALSE
"S-1088",-1,1.38648648648649,1.01982,72,0.0138888888888889,"1941",6,"RT-QuIC",FALSE
"S-1089",-1,1.32702702702703,0.983784,72,0.0138888888888889,"1944",6,"RT-QuIC",FALSE
"S-1090",-1,1.29041095890411,1.11050266666667,72,0.0138888888888889,"Y-16",6,"RT-QuIC",FALSE
"S-1091",-1,1.30079155672823,1.05540893333333,72,0.0138888888888889,"Y-18",6,"RT-QuIC",FALSE
"S-1092",-1,1.32697547683924,1.12988133333333,72,0.0138888888888889,"1905",6,"RT-QuIC",FALSE
"S-1093",-1,1.32981530343008,1.0483724,72,0.0138888888888889,"B-167",6,"RT-QuIC",FALSE
"S-1094",-1,1.31117021276596,1.00354626666667,72,0.0138888888888889,"1904",6,"RT-QuIC",FALSE
"P",-3,6.93915343915344,3.60846546666667,11.5898617511521,0.0862823061630219,NA,NA,"RT-QuIC",TRUE
"S-1084",-1,1.3314606741573,1.19850133333333,72,0.0138888888888889,"B-112",6,"RT-QuIC",FALSE
"S-1085",-1,1.26737967914438,1.20499066666667,72,0.0138888888888889,"B-121",6,"RT-QuIC",FALSE
"S-1086",-1,1.30213903743316,1.18716533333333,72,0.0138888888888889,"B-166",6,"RT-QuIC",FALSE
"S-1087",-1,1.30591259640103,1.18937466666667,72,0.0138888888888889,"1901",6,"RT-QuIC",FALSE
"S-1088",-1,1.40673575129534,1.13644266666667,72,0.0138888888888889,"1941",6,"RT-QuIC",FALSE
"S-1089",-1,1.36340206185567,1.15120266666667,72,0.0138888888888889,"1944",6,"RT-QuIC",FALSE
"S-1090",-1,1.33670886075949,1.17805866666667,72,0.0138888888888889,"Y-16",6,"RT-QuIC",FALSE
"S-1091",-1,1.37092731829574,1.16959093333333,72,0.0138888888888889,"Y-18",6,"RT-QuIC",FALSE
"S-1092",-1,2.37121212121212,1.20538666666667,65.5,0.0152671755725191,"1905",6,"RT-QuIC",TRUE
"S-1093",-1,1.3974358974359,1.193162,72,0.0138888888888889,"B-167",6,"RT-QuIC",FALSE
"S-1094",-1,5.51960784313725,1.33333333333333,45.1666666666667,0.022140221402214,"1904",6,"RT-QuIC",TRUE
"P",-3,12.7980295566502,5.73399026666667,13.7830882352941,0.0725526807148573,NA,NA,"RT-QuIC",TRUE
"S-1084",-1,1.31060606060606,1.12794666666667,72,0.0138888888888889,"B-112",6,"RT-QuIC",FALSE
"S-1085",-1,1.27906976744186,1.223084,72,0.0138888888888889,"B-121",6,"RT-QuIC",FALSE
"S-1086",-1,2.69849246231156,1.59463986666667,68.4266743648961,0.0146141838585833,"B-166",6,"RT-QuIC",TRUE
"S-1087",-1,1.28354430379747,1.16118133333333,72,0.0138888888888889,"1901",6,"RT-QuIC",FALSE
"S-1088",-1,2.89975550122249,1.1149144,54.58,0.0183217295712715,"1941",6,"RT-QuIC",TRUE
"S-1089",-1,1.3510101010101,1.13468,72,0.0138888888888889,"1944",6,"RT-QuIC",FALSE
"S-1090",-1,1.40816326530612,1.22448933333333,72,0.0138888888888889,"Y-16",6,"RT-QuIC",FALSE
"S-1091",-1,1.35609756097561,1.11869893333333,72,0.0138888888888889,"Y-18",6,"RT-QuIC",FALSE
"S-1092",-1,2.68734491315136,1.15467293333333,63.472602739726,0.0157548289629869,"1905",6,"RT-QuIC",TRUE
"S-1093",-1,1.39659367396594,1.08029173333333,72,0.0138888888888889,"B-167",6,"RT-QuIC",FALSE
"S-1094",-1,1.40355329949239,1.153976,72,0.0138888888888889,"1904",6,"RT-QuIC",FALSE
"P",-3,10.3303167420814,4.77828053333333,13.1374269005848,0.0761184064099711,NA,NA,"RT-QuIC",TRUE
"S-1084",-1,1.30555555555556,1.09427666666667,72,0.0138888888888889,"B-112",6,"RT-QuIC",FALSE
"S-1085",-1,1.30769230769231,1.2205128,72,0.0138888888888889,"B-121",6,"RT-QuIC",FALSE
"S-1086",-1,1.42036553524804,1.16971333333333,72,0.0138888888888889,"B-166",6,"RT-QuIC",FALSE
"S-1087",-1,1.33890214797136,1.09466933333333,72,0.0138888888888889,"1901",6,"RT-QuIC",FALSE
"S-1088",-1,1.35483870967742,1.1017364,72,0.0138888888888889,"1941",6,"RT-QuIC",FALSE
"S-1089",-1,1.40253164556962,1.19156133333333,72,0.0138888888888889,"1944",6,"RT-QuIC",FALSE
"S-1090",-1,1.36117936117936,1.10073733333333,72,0.0138888888888889,"Y-16",6,"RT-QuIC",FALSE
"S-1091",-1,1.41277641277641,1.15642933333333,72,0.0138888888888889,"Y-18",6,"RT-QuIC",FALSE
"S-1092",-1,1.44117647058824,1.20261466666667,72,0.0138888888888889,"1905",6,"RT-QuIC",FALSE
"S-1093",-1,1.45137157107232,1.15710666666667,72,0.0138888888888889,"B-167",6,"RT-QuIC",FALSE
"S-1094",-1,1.39659367396594,1.05758253333333,72,0.0138888888888889,"1904",6,"RT-QuIC",FALSE
"N",-3,1.38352272727273,1.03787906666667,72,0.0138888888888889,NA,NA,"RT-QuIC",FALSE
"S-1095",-1,1.32203389830508,1.129944,72,0.0138888888888889,"1943",6,"RT-QuIC",FALSE
"S-1096",-1,1.29315068493151,1.18721466666667,72,0.0138888888888889,"O-39",6,"RT-QuIC",FALSE
"S-1097",-1,1.26829268292683,1.0514908,72,0.0138888888888889,"Y-15",6,"RT-QuIC",FALSE
"S-1098",-1,1.29268292682927,1.109304,72,0.0138888888888889,"B-204",6,"RT-QuIC",FALSE
"S-1099",-1,1.26415094339623,1.10332386666667,72,0.0138888888888889,"B-206",6,"RT-QuIC",FALSE
"S-1100",-1,1.32345013477089,1.09254306666667,72,0.0138888888888889,"B-199",6,"RT-QuIC",FALSE
"S-1101",-1,1.33957219251337,1.05525866666667,72,0.0138888888888889,"Y-23",6,"RT-QuIC",FALSE
"S-1102",-1,1.24479166666667,1.01736106666667,72,0.0138888888888889,"B-158",6,"RT-QuIC",FALSE
"S-1103",-1,1.20356234096692,0.953349866666667,72,0.0138888888888889,"B-161",6,"RT-QuIC",FALSE
"S-1104",-1,1.37637362637363,1.10622666666667,72,0.0138888888888889,"B-119",6,"RT-QuIC",FALSE
"S-1105",-1,1.42739726027397,0.978996,72,0.0138888888888889,"B-120",6,"RT-QuIC",FALSE
"N",-3,1.31730769230769,0.916667333333333,72,0.0138888888888889,NA,NA,"RT-QuIC",FALSE
"S-1095",-1,1.23316062176166,1.09153746666667,72,0.0138888888888889,"1943",6,"RT-QuIC",FALSE
"S-1096",-1,1.30649350649351,1.05281333333333,72,0.0138888888888889,"O-39",6,"RT-QuIC",FALSE
"S-1097",-1,1.26478149100257,1.06255333333333,72,0.0138888888888889,"Y-15",6,"RT-QuIC",FALSE
"S-1098",-1,1.35805626598465,1.07416933333333,72,0.0138888888888889,"B-204",6,"RT-QuIC",FALSE
"S-1099",-1,1.34343434343434,1.10774373333333,72,0.0138888888888889,"B-206",6,"RT-QuIC",FALSE
"S-1100",-1,1.37595907928389,1.07757866666667,72,0.0138888888888889,"B-199",6,"RT-QuIC",FALSE
"S-1101",-1,1.45544554455446,1.03300266666667,72,0.0138888888888889,"Y-23",6,"RT-QuIC",FALSE
"S-1102",-1,1.34263959390863,1.03553333333333,72,0.0138888888888889,"B-158",6,"RT-QuIC",FALSE
"S-1103",-1,1.44155844155844,1.129004,72,0.0138888888888889,"B-161",6,"RT-QuIC",FALSE
"S-1104",-1,1.38227848101266,1.06329106666667,72,0.0138888888888889,"B-119",6,"RT-QuIC",FALSE
"S-1105",-1,3.19796954314721,1.79357013333333,69.5012019230769,0.0143882403804583,"B-120",6,"RT-QuIC",TRUE
"N",-3,1.27232142857143,0.830357333333333,72,0.0138888888888889,NA,NA,"RT-QuIC",FALSE
"S-1095",-1,1.31481481481481,1.07936533333333,72,0.0138888888888889,"1943",6,"RT-QuIC",FALSE
"S-1096",-1,1.31122448979592,1.04761906666667,72,0.0138888888888889,"O-39",6,"RT-QuIC",FALSE
"S-1097",-1,1.40342298288509,1.01059453333333,72,0.0138888888888889,"Y-15",6,"RT-QuIC",FALSE
"S-1098",-1,1.39493670886076,1.01265866666667,72,0.0138888888888889,"B-204",6,"RT-QuIC",FALSE
"S-1099",-1,1.40656565656566,1.06397373333333,72,0.0138888888888889,"B-206",6,"RT-QuIC",FALSE
"S-1100",-1,1.41309823677582,1.037784,72,0.0138888888888889,"B-199",6,"RT-QuIC",FALSE
"S-1101",-1,1.43734015345269,1.053708,72,0.0138888888888889,"Y-23",6,"RT-QuIC",FALSE
"S-1102",-1,1.45454545454545,1.045888,72,0.0138888888888889,"B-158",6,"RT-QuIC",FALSE
"S-1103",-1,1.32266666666667,1.0275556,72,0.0138888888888889,"B-161",6,"RT-QuIC",FALSE
"S-1104",-1,1.3398533007335,0.977994533333333,72,0.0138888888888889,"B-119",6,"RT-QuIC",FALSE
"S-1105",-1,1.38653366583541,0.987531333333333,72,0.0138888888888889,"B-120",6,"RT-QuIC",FALSE
"N",-3,1.40966921119593,0.8515692,72,0.0138888888888889,NA,NA,"RT-QuIC",FALSE
"S-1095",-1,1.37301587301587,0.959436,72,0.0138888888888889,"1943",6,"RT-QuIC",FALSE
"S-1096",-1,1.4020618556701,0.931271866666667,72,0.0138888888888889,"O-39",6,"RT-QuIC",FALSE
"S-1097",-1,1.47354497354497,0.987654666666667,72,0.0138888888888889,"Y-15",6,"RT-QuIC",FALSE
"S-1098",-1,1.1536312849162,0.830539466666667,72,0.0138888888888889,"B-204",6,"RT-QuIC",FALSE
"S-1099",-1,1.39637305699482,0.918825733333333,72,0.0138888888888889,"B-206",6,"RT-QuIC",FALSE
"S-1100",-1,1.42894056847545,0.988802533333333,72,0.0138888888888889,"B-199",6,"RT-QuIC",FALSE
"S-1101",-1,1.52368421052632,1,72,0.0138888888888889,"Y-23",6,"RT-QuIC",FALSE
"S-1102",-1,1.22408963585434,0.7843132,72,0.0138888888888889,"B-158",6,"RT-QuIC",FALSE
"S-1103",-1,1.4064039408867,0.958948933333333,72,0.0138888888888889,"B-161",6,"RT-QuIC",FALSE
"S-1104",-1,1.37,0.933333333333333,72,0.0138888888888889,"B-119",6,"RT-QuIC",FALSE
"S-1105",-1,1.4529702970297,0.716171333333333,72,0.0138888888888889,"B-120",6,"RT-QuIC",FALSE
