"Sample IDs","Animal IDs","Months","Dilutions","Assay","Reaction","Threshold","reps","mean_MPR","mean_MS","mean_TtT","mean_RAF","thres_pos"
"N",NA,NA,-3,"Nano-QuIC","20250819_r9_GR_USDA-oral-swabs_Nano-QuIC",2.7,4,2.125027681522,0.193790777082823,72,0.0138888888888889,FALSE
"N",NA,NA,-3,"Nano-QuIC","20250821_r13_GR_USDA-oral-swabs_Nano-QuIC",2.7,4,2.26208699638964,0.126819423054083,72,0.0138888888888889,FALSE
"N",NA,NA,-3,"Nano-QuIC","20250821_r2_GR_USDA-oral-swabs_Nano-QuIC",2.7,4,2.21641916957807,0.114938997730526,72,0.0138888888888889,FALSE
"N",NA,NA,-3,"Nano-QuIC","20250903_r2_GR_USDA-oral-swabs_Nano-QuIC",2.7,4,2.58870448065857,0.342520879294044,65.960859929078,0.0156420434682172,FALSE
"N",NA,NA,-3,"Nano-QuIC","20250903_r4_GR_USDA-oral-swabs_Nano-QuIC",2.7,4,1.87138572333601,0.0983706667504688,72,0.0138888888888889,FALSE
"N",NA,NA,-3,"RT-QuIC","20250819_r8_GR_USDA-oral-swabs_RT-QuIC",2,4,1.4735315499752,0.110551838082476,72,0.0138888888888889,FALSE
"N",NA,NA,-3,"RT-QuIC","20250821_r1_GR_USDA-oral-swabs_RT-QuIC",2,4,1.60717850687045,0.133320745620933,72,0.0138888888888889,FALSE
"N",NA,NA,-3,"RT-QuIC","20250821_r6_GR_USDA-oral-swabs_RT-QuIC",2,4,1.62154252990966,0.176144188190944,72,0.0138888888888889,FALSE
"N",NA,NA,-3,"RT-QuIC","20250903_r1_GR_USDA-oral-swabs_RT-QuIC",2,4,1.55232102825348,0.108041585421195,72,0.0138888888888889,FALSE
"N",NA,NA,-3,"RT-QuIC","20250903_r3_GR_USDA-oral-swabs_RT-QuIC",2,4,1.56334483897245,0.102172053573248,72,0.0138888888888889,FALSE
"P",NA,NA,-3,"Nano-QuIC","20250819_r9_GR_USDA-oral-swabs_Nano-QuIC",2.7,4,9.38113841470715,3.72942835830068,9.55137785272542,0.105186647036104,TRUE
"P",NA,NA,-3,"Nano-QuIC","20250821_r13_GR_USDA-oral-swabs_Nano-QuIC",2.7,4,8.81797070382279,3.35675496350737,8.67646903095084,0.116168093132501,TRUE
"P",NA,NA,-3,"Nano-QuIC","20250821_r2_GR_USDA-oral-swabs_Nano-QuIC",2.7,4,8.36349937009448,3.57531613368411,9.08617874627739,0.110850359225644,TRUE
"P",NA,NA,-3,"Nano-QuIC","20250903_r2_GR_USDA-oral-swabs_Nano-QuIC",2.7,4,9.23879299203176,4.68682040142168,8.5450875761385,0.11813620998248,TRUE
"P",NA,NA,-3,"Nano-QuIC","20250903_r4_GR_USDA-oral-swabs_Nano-QuIC",2.7,4,7.37386486184362,3.13595343347556,7.88591340895602,0.127216412782932,TRUE
"P",NA,NA,-3,"RT-QuIC","20250819_r8_GR_USDA-oral-swabs_RT-QuIC",2,4,8.21948214261312,4.17568972966775,21.7840306082441,0.0459406766539626,TRUE
"P",NA,NA,-3,"RT-QuIC","20250821_r1_GR_USDA-oral-swabs_RT-QuIC",2,4,7.57479754220848,3.73466506719874,16.0792242367847,0.0632040217757262,TRUE
"P",NA,NA,-3,"RT-QuIC","20250821_r6_GR_USDA-oral-swabs_RT-QuIC",2,4,9.53473207732843,4.01913923541713,12.3190682101971,0.0819598248320297,TRUE
"P",NA,NA,-3,"RT-QuIC","20250903_r1_GR_USDA-oral-swabs_RT-QuIC",2,4,7.58038369006493,3.50741465202236,15.4320806451371,0.0652982136851046,TRUE
"P",NA,NA,-3,"RT-QuIC","20250903_r3_GR_USDA-oral-swabs_RT-QuIC",2,4,6.36556157192382,2.21523747628697,17.0774057539683,0.0600816139773475,TRUE
"S-1062","B-146",51,-3,"Nano-QuIC","20250821_r2_GR_USDA-oral-swabs_Nano-QuIC",2.7,4,2.31626010314023,0.112841991737223,72,0.0138888888888889,FALSE
"S-1062","B-146",51,-3,"RT-QuIC","20250821_r1_GR_USDA-oral-swabs_RT-QuIC",2,4,1.70476348730956,0.0915316624421326,72,0.0138888888888889,FALSE
"S-1063","1901",51,-3,"Nano-QuIC","20250821_r2_GR_USDA-oral-swabs_Nano-QuIC",2.7,4,4.99963716749933,1.36961960514539,67.1787824065013,0.0150393994846686,FALSE
"S-1063","1901",51,-3,"RT-QuIC","20250821_r1_GR_USDA-oral-swabs_RT-QuIC",2,4,1.66909776611014,0.0730552379571474,72,0.0138888888888889,FALSE
"S-1064","Y-16",51,-3,"Nano-QuIC","20250821_r2_GR_USDA-oral-swabs_Nano-QuIC",2.7,4,2.34056411412212,0.111195282429629,72,0.0138888888888889,FALSE
"S-1064","Y-16",51,-3,"RT-QuIC","20250821_r1_GR_USDA-oral-swabs_RT-QuIC",2,4,1.63651667211011,0.0732693045651189,72,0.0138888888888889,FALSE
"S-1065","Y-15",51,-3,"Nano-QuIC","20250821_r2_GR_USDA-oral-swabs_Nano-QuIC",2.7,4,3.92446101097124,0.732612672296308,66.7702205882353,0.0153108656014587,FALSE
"S-1065","Y-15",51,-3,"RT-QuIC","20250821_r1_GR_USDA-oral-swabs_RT-QuIC",2,4,1.64601383188934,0.0806748086831632,72,0.0138888888888889,FALSE
"S-1066","B-204",51,-3,"Nano-QuIC","20250821_r2_GR_USDA-oral-swabs_Nano-QuIC",2.7,4,2.30868987341772,0.109508438818565,72,0.0138888888888889,FALSE
"S-1066","B-204",51,-3,"RT-QuIC","20250821_r1_GR_USDA-oral-swabs_RT-QuIC",2,4,1.63717366354586,0.0908554820718729,72,0.0138888888888889,FALSE
"S-1067","B-206",51,-3,"Nano-QuIC","20250821_r2_GR_USDA-oral-swabs_Nano-QuIC",2.7,4,3.51405351502534,0.913032850487246,68.5258695330969,0.0146215201150201,TRUE
"S-1067","B-206",51,-3,"RT-QuIC","20250821_r1_GR_USDA-oral-swabs_RT-QuIC",2,4,1.63239291910141,0.107613517428288,72,0.0138888888888889,FALSE
"S-1068","B-199",51,-3,"Nano-QuIC","20250821_r2_GR_USDA-oral-swabs_Nano-QuIC",2.7,4,2.71186692338945,0.307381269483521,67.6379166666667,0.0148869885878498,FALSE
"S-1068","B-199",51,-3,"RT-QuIC","20250821_r1_GR_USDA-oral-swabs_RT-QuIC",2,4,1.59829544116246,0.0835564409979304,72,0.0138888888888889,FALSE
"S-1069","Y-23",51,-3,"Nano-QuIC","20250821_r2_GR_USDA-oral-swabs_Nano-QuIC",2.7,4,2.31015995332852,0.10878831013239,72,0.0138888888888889,FALSE
"S-1069","Y-23",51,-3,"RT-QuIC","20250821_r1_GR_USDA-oral-swabs_RT-QuIC",2,4,1.59814042050015,0.0845055024755047,72,0.0138888888888889,FALSE
"S-1070","B-158",51,-3,"Nano-QuIC","20250821_r2_GR_USDA-oral-swabs_Nano-QuIC",2.7,4,3.93247056738222,0.8481928106473,68.3956606765328,0.0147358974117022,FALSE
"S-1070","B-158",51,-3,"RT-QuIC","20250821_r1_GR_USDA-oral-swabs_RT-QuIC",2,4,1.59024133898212,0.0898614114782313,72,0.0138888888888889,FALSE
"S-1071","B-161",51,-3,"Nano-QuIC","20250821_r2_GR_USDA-oral-swabs_Nano-QuIC",2.7,4,11.1267775346003,5.43403855662243,8.04973218868222,0.125426737286915,TRUE
"S-1071","B-161",51,-3,"RT-QuIC","20250821_r1_GR_USDA-oral-swabs_RT-QuIC",2,4,11.0540335474763,6.17831505377806,14.4981262132056,0.0691804795646485,TRUE
"S-1072","B-119",51,-3,"Nano-QuIC","20250821_r2_GR_USDA-oral-swabs_Nano-QuIC",2.7,4,3.22386262406399,0.507631334583774,64.9553337696335,0.0161216503133758,FALSE
"S-1072","B-119",51,-3,"RT-QuIC","20250821_r1_GR_USDA-oral-swabs_RT-QuIC",2,4,1.58895148835144,0.143083564375637,72,0.0138888888888889,FALSE
"S-1073","B-120",51,-3,"Nano-QuIC","20250821_r2_GR_USDA-oral-swabs_Nano-QuIC",2.7,4,2.49687556568168,0.262466429465269,68.4809742647059,0.0147326746131989,FALSE
"S-1073","B-120",51,-3,"RT-QuIC","20250821_r1_GR_USDA-oral-swabs_RT-QuIC",2,4,1.68956953066686,0.100894309017095,72,0.0138888888888889,FALSE
"S-1074","O-37",51,-3,"Nano-QuIC","20250821_r2_GR_USDA-oral-swabs_Nano-QuIC",2.7,4,2.17266742174033,0.125189953016687,72,0.0138888888888889,FALSE
"S-1074","O-37",51,-3,"RT-QuIC","20250821_r1_GR_USDA-oral-swabs_RT-QuIC",2,4,1.63189357212293,0.0881754165120904,72,0.0138888888888889,FALSE
"S-1075","1946",51,-3,"Nano-QuIC","20250821_r2_GR_USDA-oral-swabs_Nano-QuIC",2.7,4,2.18252956879943,0.129258838242392,72,0.0138888888888889,FALSE
"S-1075","1946",51,-3,"RT-QuIC","20250821_r1_GR_USDA-oral-swabs_RT-QuIC",2,4,1.63079132011163,0.0846113633591486,72,0.0138888888888889,FALSE
"S-1076","B-109",51,-3,"Nano-QuIC","20250821_r2_GR_USDA-oral-swabs_Nano-QuIC",2.7,4,4.7708770261709,1.65669002594598,55.9620052403256,0.0351233214814799,FALSE
"S-1076","B-109",51,-3,"RT-QuIC","20250821_r1_GR_USDA-oral-swabs_RT-QuIC",2,4,1.82369338802892,0.319650194516844,70.8989726027397,0.0141151163576181,FALSE
"S-1077","B-155",51,-3,"Nano-QuIC","20250821_r2_GR_USDA-oral-swabs_Nano-QuIC",2.7,4,2.6243583082024,0.357298426189249,71.2738505747126,0.0140348524168372,FALSE
"S-1077","B-155",51,-3,"RT-QuIC","20250821_r1_GR_USDA-oral-swabs_RT-QuIC",2,4,1.63171021872786,0.098390990509213,72,0.0138888888888889,FALSE
"S-1078","Y-15",63,-3,"Nano-QuIC","20250821_r2_GR_USDA-oral-swabs_Nano-QuIC",2.7,4,5.41984890726786,1.64906980890758,64.4234144376054,0.0156629806603701,TRUE
"S-1078","Y-15",63,-3,"RT-QuIC","20250821_r1_GR_USDA-oral-swabs_RT-QuIC",2,4,2.4924598972357,0.437862988891053,69.3174212598425,0.0144969879518072,FALSE
"S-1079","B-204",63,-3,"Nano-QuIC","20250821_r2_GR_USDA-oral-swabs_Nano-QuIC",2.7,4,2.15766905358071,0.110362988743046,72,0.0138888888888889,FALSE
"S-1079","B-204",63,-3,"RT-QuIC","20250821_r1_GR_USDA-oral-swabs_RT-QuIC",2,4,2.12788414437205,0.506636424450825,65.703311752988,0.0157570353861484,FALSE
"S-1080","B-206",63,-3,"Nano-QuIC","20250821_r2_GR_USDA-oral-swabs_Nano-QuIC",2.7,4,2.16342960391407,0.113885056594413,72,0.0138888888888889,FALSE
"S-1080","B-206",63,-3,"RT-QuIC","20250821_r1_GR_USDA-oral-swabs_RT-QuIC",2,4,1.57660963864439,0.226049746188606,72,0.0138888888888889,FALSE
"S-1081","1942",6,-3,"Nano-QuIC","20250821_r2_GR_USDA-oral-swabs_Nano-QuIC",2.7,4,2.44322538948356,0.253491786269313,70.624609375,0.0141761534967144,FALSE
"S-1081","1942",6,-3,"RT-QuIC","20250821_r1_GR_USDA-oral-swabs_RT-QuIC",2,4,1.56296818770532,0.083450741540315,72,0.0138888888888889,FALSE
"S-1082","B-146",6,-3,"Nano-QuIC","20250821_r2_GR_USDA-oral-swabs_Nano-QuIC",2.7,4,4.57047427316346,1.61957319688144,71.1366893564356,0.0140638121975231,FALSE
"S-1082","B-146",6,-3,"RT-QuIC","20250821_r1_GR_USDA-oral-swabs_RT-QuIC",2,4,2.81219213674365,0.879439380755125,67.9438805104408,0.0148989196487689,FALSE
"S-1083","1945",6,-3,"Nano-QuIC","20250821_r2_GR_USDA-oral-swabs_Nano-QuIC",2.7,4,3.71477069537235,0.733025974332214,69.4290829145729,0.014467458301273,FALSE
"S-1083","1945",6,-3,"RT-QuIC","20250821_r1_GR_USDA-oral-swabs_RT-QuIC",2,4,2.25535967418697,0.629851756348518,70.1024506841739,0.0142807998236666,FALSE
"S-1084","B-112",6,-3,"Nano-QuIC","20250821_r13_GR_USDA-oral-swabs_Nano-QuIC",2.7,4,2.72037251373025,0.275683101617905,70.28642578125,0.014254218308719,FALSE
"S-1084","B-112",6,-3,"RT-QuIC","20250821_r6_GR_USDA-oral-swabs_RT-QuIC",2,4,1.82442425320305,0.135584748685778,72,0.0138888888888889,FALSE
"S-1085","B-121",6,-3,"Nano-QuIC","20250821_r13_GR_USDA-oral-swabs_Nano-QuIC",2.7,4,2.2644670922436,0.125853037101898,72,0.0138888888888889,FALSE
"S-1085","B-121",6,-3,"RT-QuIC","20250821_r6_GR_USDA-oral-swabs_RT-QuIC",2,4,1.8908993533677,0.116976069754939,72,0.0138888888888889,FALSE
"S-1086","B-166",6,-3,"Nano-QuIC","20250821_r13_GR_USDA-oral-swabs_Nano-QuIC",2.7,4,2.21367555420835,0.122274120178501,72,0.0138888888888889,FALSE
"S-1086","B-166",6,-3,"RT-QuIC","20250821_r6_GR_USDA-oral-swabs_RT-QuIC",2,4,2.07725213300494,0.45581563288601,71.106668591224,0.0140702126313125,FALSE
"S-1087","1901",6,-3,"Nano-QuIC","20250821_r13_GR_USDA-oral-swabs_Nano-QuIC",2.7,4,2.21280922583888,0.113756174748316,72,0.0138888888888889,FALSE
"S-1087","1901",6,-3,"RT-QuIC","20250821_r6_GR_USDA-oral-swabs_RT-QuIC",2,4,1.84448931282317,0.118780337169816,72,0.0138888888888889,FALSE
"S-1088","1941",6,-3,"Nano-QuIC","20250821_r13_GR_USDA-oral-swabs_Nano-QuIC",2.7,4,2.18958377562288,0.12348642024764,72,0.0138888888888889,FALSE
"S-1088","1941",6,-3,"RT-QuIC","20250821_r6_GR_USDA-oral-swabs_RT-QuIC",2,4,2.08209159109113,0.255427037592777,67.645,0.0149970990594845,FALSE
"S-1089","1944",6,-3,"Nano-QuIC","20250821_r13_GR_USDA-oral-swabs_Nano-QuIC",2.7,4,2.21447432247367,0.122975744585097,72,0.0138888888888889,FALSE
"S-1089","1944",6,-3,"RT-QuIC","20250821_r6_GR_USDA-oral-swabs_RT-QuIC",2,4,1.83648022169489,0.149578808548859,72,0.0138888888888889,FALSE
"S-1090","Y-16",6,-3,"Nano-QuIC","20250821_r13_GR_USDA-oral-swabs_Nano-QuIC",2.7,4,2.19751607410466,0.116483852747784,72,0.0138888888888889,FALSE
"S-1090","Y-16",6,-3,"RT-QuIC","20250821_r6_GR_USDA-oral-swabs_RT-QuIC",2,4,1.86508529715446,0.155103199343984,72,0.0138888888888889,FALSE
"S-1091","Y-18",6,-3,"Nano-QuIC","20250821_r13_GR_USDA-oral-swabs_Nano-QuIC",2.7,4,2.18447185263181,0.137474942004631,72,0.0138888888888889,FALSE
"S-1091","Y-18",6,-3,"RT-QuIC","20250821_r6_GR_USDA-oral-swabs_RT-QuIC",2,4,1.82614098691159,0.148236616828293,72,0.0138888888888889,FALSE
"S-1092","1905",6,-3,"Nano-QuIC","20250821_r13_GR_USDA-oral-swabs_Nano-QuIC",2.7,4,2.18350276283096,0.107319197878334,72,0.0138888888888889,FALSE
"S-1092","1905",6,-3,"RT-QuIC","20250821_r6_GR_USDA-oral-swabs_RT-QuIC",2,4,2.20198231570473,0.463277351370234,68.2431506849315,0.014699945578321,FALSE
"S-1093","B-167",6,-3,"Nano-QuIC","20250821_r13_GR_USDA-oral-swabs_Nano-QuIC",2.7,4,2.19823258245707,0.111059344289707,72,0.0138888888888889,FALSE
"S-1093","B-167",6,-3,"RT-QuIC","20250821_r6_GR_USDA-oral-swabs_RT-QuIC",2,4,1.82320507203067,0.159132324572749,72,0.0138888888888889,FALSE
"S-1094","1904",6,-3,"Nano-QuIC","20250821_r13_GR_USDA-oral-swabs_Nano-QuIC",2.7,4,2.37719757943513,0.23705292248782,71.8329545454545,0.0139214140062448,FALSE
"S-1094","1904",6,-3,"RT-QuIC","20250821_r6_GR_USDA-oral-swabs_RT-QuIC",2,4,2.7200025885289,0.45224942527459,65.2916666666667,0.0159517220172202,FALSE
"S-1095","1943",6,-3,"Nano-QuIC","20250821_r13_GR_USDA-oral-swabs_Nano-QuIC",2.7,4,3.15276785880967,0.637650166859778,71.3039262820513,0.0140285636998174,FALSE
"S-1095","1943",6,-3,"RT-QuIC","20250821_r6_GR_USDA-oral-swabs_RT-QuIC",2,4,1.78582196907919,0.138897368808671,72,0.0138888888888889,FALSE
"S-1096","O-39",6,-3,"Nano-QuIC","20250821_r13_GR_USDA-oral-swabs_Nano-QuIC",2.7,4,2.82656087117566,0.445546259900402,70.4302248677249,0.0142206316460367,FALSE
"S-1096","O-39",6,-3,"RT-QuIC","20250821_r6_GR_USDA-oral-swabs_RT-QuIC",2,4,1.77695752522036,0.154270274407538,72,0.0138888888888889,FALSE
"S-1097","Y-15",6,-3,"Nano-QuIC","20250821_r13_GR_USDA-oral-swabs_Nano-QuIC",2.7,4,2.19554300614698,0.126128342352555,72,0.0138888888888889,FALSE
"S-1097","Y-15",6,-3,"RT-QuIC","20250821_r6_GR_USDA-oral-swabs_RT-QuIC",2,4,1.76145300494617,0.164547742008719,72,0.0138888888888889,FALSE
"S-1098","B-204",6,-3,"Nano-QuIC","20250821_r13_GR_USDA-oral-swabs_Nano-QuIC",2.7,4,2.09483304840295,0.12408372528777,72,0.0138888888888889,FALSE
"S-1098","B-204",6,-3,"RT-QuIC","20250821_r6_GR_USDA-oral-swabs_RT-QuIC",2,4,1.73474950761888,0.149092450422796,72,0.0138888888888889,FALSE
"S-1099","B-206",6,-3,"Nano-QuIC","20250821_r13_GR_USDA-oral-swabs_Nano-QuIC",2.7,4,2.13244400227516,0.139577866975339,72,0.0138888888888889,FALSE
"S-1099","B-206",6,-3,"RT-QuIC","20250821_r6_GR_USDA-oral-swabs_RT-QuIC",2,4,1.77781250736207,0.155307130139714,72,0.0138888888888889,FALSE
"S-1100","B-199",6,-3,"Nano-QuIC","20250821_r13_GR_USDA-oral-swabs_Nano-QuIC",2.7,4,3.57831293154463,0.773815501084962,69.70411558669,0.0143965151118075,FALSE
"S-1100","B-199",6,-3,"RT-QuIC","20250821_r6_GR_USDA-oral-swabs_RT-QuIC",2,4,1.78292313965615,0.158140010422697,72,0.0138888888888889,FALSE
"S-1101","Y-23",6,-3,"Nano-QuIC","20250821_r13_GR_USDA-oral-swabs_Nano-QuIC",2.7,4,2.25382922351814,0.242777466039149,71.5660714285714,0.0139746619904442,FALSE
"S-1101","Y-23",6,-3,"RT-QuIC","20250821_r6_GR_USDA-oral-swabs_RT-QuIC",2,4,1.77661941385954,0.155884608012558,72,0.0138888888888889,FALSE
"S-1102","B-158",6,-3,"Nano-QuIC","20250821_r13_GR_USDA-oral-swabs_Nano-QuIC",2.7,4,2.11685216602073,0.128031997634291,72,0.0138888888888889,FALSE
"S-1102","B-158",6,-3,"RT-QuIC","20250821_r6_GR_USDA-oral-swabs_RT-QuIC",2,4,1.70020593349246,0.145231149898238,72,0.0138888888888889,FALSE
"S-1103","B-161",6,-3,"Nano-QuIC","20250821_r13_GR_USDA-oral-swabs_Nano-QuIC",2.7,4,2.15224386870443,0.205490014259078,72,0.0138888888888889,FALSE
"S-1103","B-161",6,-3,"RT-QuIC","20250821_r6_GR_USDA-oral-swabs_RT-QuIC",2,4,1.73251942012537,0.134943836894877,72,0.0138888888888889,FALSE
"S-1104","B-119",6,-3,"Nano-QuIC","20250821_r13_GR_USDA-oral-swabs_Nano-QuIC",2.7,4,3.85406335000537,0.776686323328102,64.7755153508772,0.0162168532902152,FALSE
"S-1104","B-119",6,-3,"RT-QuIC","20250821_r6_GR_USDA-oral-swabs_RT-QuIC",2,4,1.75961420276359,0.158047523238267,72,0.0138888888888889,FALSE
"S-1105","B-120",6,-3,"Nano-QuIC","20250821_r13_GR_USDA-oral-swabs_Nano-QuIC",2.7,4,2.12170334020158,0.12255637800406,72,0.0138888888888889,FALSE
"S-1105","B-120",6,-3,"RT-QuIC","20250821_r6_GR_USDA-oral-swabs_RT-QuIC",2,4,2.03448331531907,0.492735825675494,71.3753004807692,0.0140137267617812,FALSE
"S-1106","O-37",6,-3,"Nano-QuIC","20250903_r2_GR_USDA-oral-swabs_Nano-QuIC",2.7,4,3.07194131313528,0.567093592382946,65.6119241740463,0.0155090948227115,FALSE
"S-1106","O-37",6,-3,"RT-QuIC","20250903_r1_GR_USDA-oral-swabs_RT-QuIC",2,4,1.67417003170552,0.0712694745435477,72,0.0138888888888889,FALSE
"S-1107","1946",6,-3,"Nano-QuIC","20250903_r2_GR_USDA-oral-swabs_Nano-QuIC",2.7,4,5.04640055161035,1.27618906528398,67.3147688356164,0.0149513271886129,FALSE
"S-1107","1946",6,-3,"RT-QuIC","20250903_r1_GR_USDA-oral-swabs_RT-QuIC",2,4,1.9392907922824,0.38325471033025,68.7248616236162,0.0146611887272177,FALSE
"S-1108","B-109",6,-3,"Nano-QuIC","20250903_r2_GR_USDA-oral-swabs_Nano-QuIC",2.7,4,2.46231231499738,0.289849584566549,71.7825,0.0139313580767609,FALSE
"S-1108","B-109",6,-3,"RT-QuIC","20250903_r1_GR_USDA-oral-swabs_RT-QuIC",2,4,1.63143158805486,0.0611319493329425,72,0.0138888888888889,FALSE
"S-1109","B-155",6,-3,"Nano-QuIC","20250903_r2_GR_USDA-oral-swabs_Nano-QuIC",2.7,4,2.28428927953747,0.176542018531465,72,0.0138888888888889,FALSE
"S-1109","B-155",6,-3,"RT-QuIC","20250903_r1_GR_USDA-oral-swabs_RT-QuIC",2,4,1.62593597151091,0.0744003800560992,72,0.0138888888888889,FALSE
"S-1140","B-166",0,-3,"Nano-QuIC","20250819_r9_GR_USDA-oral-swabs_Nano-QuIC",2.7,4,2.38555263934513,0.243185162594391,72,0.0138888888888889,FALSE
"S-1140","B-166",0,-3,"RT-QuIC","20250819_r8_GR_USDA-oral-swabs_RT-QuIC",2,4,1.56569918284911,0.0877551974804787,72,0.0138888888888889,FALSE
"S-1143","1946",0,-3,"Nano-QuIC","20250903_r2_GR_USDA-oral-swabs_Nano-QuIC",2.7,4,2.2635277615917,0.11440702887255,72,0.0138888888888889,FALSE
"S-1143","1946",0,-3,"RT-QuIC","20250903_r1_GR_USDA-oral-swabs_RT-QuIC",2,4,1.62116003408007,0.074454408193815,72,0.0138888888888889,FALSE
"S-1145","1905",0,-3,"Nano-QuIC","20250819_r9_GR_USDA-oral-swabs_Nano-QuIC",2.7,4,2.32961438737011,0.230678319253691,72,0.0138888888888889,FALSE
"S-1145","1905",0,-3,"RT-QuIC","20250819_r8_GR_USDA-oral-swabs_RT-QuIC",2,4,1.547921425141,0.0859309191091003,72,0.0138888888888889,FALSE
"S-1146","B-158",0,-3,"Nano-QuIC","20250903_r2_GR_USDA-oral-swabs_Nano-QuIC",2.7,4,2.35368917399962,0.245251476619336,71.9506944444445,0.0138984261157749,FALSE
"S-1146","B-158",0,-3,"RT-QuIC","20250903_r1_GR_USDA-oral-swabs_RT-QuIC",2,4,1.61984591263177,0.105292257462912,72,0.0138888888888889,FALSE
"S-1148","1941",0,-3,"Nano-QuIC","20250903_r2_GR_USDA-oral-swabs_Nano-QuIC",2.7,4,2.25396134454555,0.106113264374988,72,0.0138888888888889,FALSE
"S-1148","1941",0,-3,"RT-QuIC","20250903_r1_GR_USDA-oral-swabs_RT-QuIC",2,4,1.59668443135366,0.0694489766903424,72,0.0138888888888889,FALSE
"S-1151","1944",0,-3,"Nano-QuIC","20250903_r2_GR_USDA-oral-swabs_Nano-QuIC",2.7,4,2.25159254772138,0.093630782456638,72,0.0138888888888889,FALSE
"S-1151","1944",0,-3,"RT-QuIC","20250903_r1_GR_USDA-oral-swabs_RT-QuIC",2,4,1.61847888216393,0.076920143566755,72,0.0138888888888889,FALSE
"S-1153","Y-15",0,-3,"Nano-QuIC","20250819_r9_GR_USDA-oral-swabs_Nano-QuIC",2.7,4,2.3245281800274,0.265420160561545,72,0.0138888888888889,FALSE
"S-1153","Y-15",0,-3,"RT-QuIC","20250819_r8_GR_USDA-oral-swabs_RT-QuIC",2,4,1.51726959329809,0.0849181828977674,72,0.0138888888888889,FALSE
"S-1154","Y-18",0,-3,"Nano-QuIC","20250903_r2_GR_USDA-oral-swabs_Nano-QuIC",2.7,4,3.26930949266203,0.652733324845093,62.1876349614396,0.0175770725465994,FALSE
"S-1154","Y-18",0,-3,"RT-QuIC","20250903_r1_GR_USDA-oral-swabs_RT-QuIC",2,4,1.59466928240966,0.0792656372369969,72,0.0138888888888889,FALSE
"S-1155","B-161",0,-3,"Nano-QuIC","20250903_r2_GR_USDA-oral-swabs_Nano-QuIC",2.7,4,2.2738684042953,0.103582157264193,72,0.0138888888888889,FALSE
"S-1155","B-161",0,-3,"RT-QuIC","20250903_r1_GR_USDA-oral-swabs_RT-QuIC",2,4,1.61156650451546,0.0630196318781549,72,0.0138888888888889,FALSE
"S-1160","B-206",0,-3,"Nano-QuIC","20250819_r9_GR_USDA-oral-swabs_Nano-QuIC",2.7,4,2.35632321490071,0.245340256696185,65.9940406976744,0.015627587787863,FALSE
"S-1160","B-206",0,-3,"RT-QuIC","20250819_r8_GR_USDA-oral-swabs_RT-QuIC",2,4,1.47661611557232,0.107242716172651,72,0.0138888888888889,FALSE
"S-1161","B-227",0,-3,"Nano-QuIC","20250903_r2_GR_USDA-oral-swabs_Nano-QuIC",2.7,4,3.90815928686226,1.05907686798042,55.3547578935314,0.0194570091463248,TRUE
"S-1161","B-227",0,-3,"RT-QuIC","20250903_r1_GR_USDA-oral-swabs_RT-QuIC",2,4,2.58408315567614,0.927106852471775,65.9521246297562,0.0152377050526869,TRUE
"S-1162","B-146",0,-3,"Nano-QuIC","20250903_r2_GR_USDA-oral-swabs_Nano-QuIC",2.7,4,2.12264118583238,0.106580565470844,72,0.0138888888888889,FALSE
"S-1162","B-146",0,-3,"RT-QuIC","20250903_r1_GR_USDA-oral-swabs_RT-QuIC",2,4,1.63493711010241,0.109672573365312,72,0.0138888888888889,FALSE
"S-1163","Y-23",0,-3,"Nano-QuIC","20250903_r2_GR_USDA-oral-swabs_Nano-QuIC",2.7,4,2.13973762681792,0.108576797317531,72,0.0138888888888889,FALSE
"S-1163","Y-23",0,-3,"RT-QuIC","20250903_r1_GR_USDA-oral-swabs_RT-QuIC",2,4,1.63939819142321,0.0920452874938842,72,0.0138888888888889,FALSE
"S-1164","Orange 37",0,-3,"Nano-QuIC","20250903_r2_GR_USDA-oral-swabs_Nano-QuIC",2.7,4,2.16185107384223,0.104642098319499,72,0.0138888888888889,FALSE
"S-1164","Orange 37",0,-3,"RT-QuIC","20250903_r1_GR_USDA-oral-swabs_RT-QuIC",2,4,1.59715828293362,0.100386930866731,72,0.0138888888888889,FALSE
"S-1165","1942",0,-3,"Nano-QuIC","20250819_r9_GR_USDA-oral-swabs_Nano-QuIC",2.7,4,3.24668442268518,0.825044060142438,57.8222053964758,0.026768482834795,FALSE
"S-1165","1942",0,-3,"RT-QuIC","20250819_r8_GR_USDA-oral-swabs_RT-QuIC",2,4,3.28772359289636,0.78926384461007,66.3196695760599,0.0154898546782553,FALSE
"S-1166","1945",0,-3,"Nano-QuIC","20250819_r9_GR_USDA-oral-swabs_Nano-QuIC",2.7,4,2.25721710474828,0.162328489112937,72,0.0138888888888889,FALSE
"S-1166","1945",0,-3,"RT-QuIC","20250819_r8_GR_USDA-oral-swabs_RT-QuIC",2,4,1.50202618237323,0.0545428544357493,72,0.0138888888888889,FALSE
"S-1169","Y-16",0,-3,"Nano-QuIC","20250903_r2_GR_USDA-oral-swabs_Nano-QuIC",2.7,4,2.44648239091757,0.30738420585248,68.8638888888889,0.0146214881953529,FALSE
"S-1169","Y-16",0,-3,"RT-QuIC","20250903_r1_GR_USDA-oral-swabs_RT-QuIC",2,4,1.59952112800058,0.0907501717006166,72,0.0138888888888889,FALSE
"S-1170","B-120",0,-3,"Nano-QuIC","20250903_r2_GR_USDA-oral-swabs_Nano-QuIC",2.7,4,3.0228976642907,0.626411957952636,60.6888546137339,0.0197605683672167,FALSE
"S-1170","B-120",0,-3,"RT-QuIC","20250903_r1_GR_USDA-oral-swabs_RT-QuIC",2,4,1.57114153049217,0.107032192075797,72,0.0138888888888889,FALSE
"S-1172","B-109",0,-3,"Nano-QuIC","20250903_r2_GR_USDA-oral-swabs_Nano-QuIC",2.7,4,3.62438963983243,1.07054861491874,68.9312066672041,0.0145495973067417,FALSE
"S-1172","B-109",0,-3,"RT-QuIC","20250903_r1_GR_USDA-oral-swabs_RT-QuIC",2,4,1.58736251945514,0.119933583178662,72,0.0138888888888889,FALSE
"S-1175","B-112",0,-3,"Nano-QuIC","20250903_r2_GR_USDA-oral-swabs_Nano-QuIC",2.7,4,2.1517238153151,0.110705218399546,72,0.0138888888888889,FALSE
"S-1175","B-112",0,-3,"RT-QuIC","20250903_r1_GR_USDA-oral-swabs_RT-QuIC",2,4,1.55722160181929,0.0889686366136226,72,0.0138888888888889,FALSE
"S-1179","B-155",0,-3,"Nano-QuIC","20250903_r2_GR_USDA-oral-swabs_Nano-QuIC",2.7,4,3.11057028597065,0.682289488433608,71.2983094262295,0.0140297365025681,FALSE
"S-1179","B-155",0,-3,"RT-QuIC","20250903_r1_GR_USDA-oral-swabs_RT-QuIC",2,4,1.57387841889586,0.101783503977696,72,0.0138888888888889,FALSE
"S-1180","1943",0,-3,"Nano-QuIC","20250903_r2_GR_USDA-oral-swabs_Nano-QuIC",2.7,4,2.13624130501053,0.10839620746037,72,0.0138888888888889,FALSE
"S-1180","1943",0,-3,"RT-QuIC","20250903_r1_GR_USDA-oral-swabs_RT-QuIC",2,4,1.58220060306091,0.0951308856206175,72,0.0138888888888889,FALSE
"S-1183","1901",0,-3,"Nano-QuIC","20250903_r2_GR_USDA-oral-swabs_Nano-QuIC",2.7,4,2.16418499972883,0.110725755867122,72,0.0138888888888889,FALSE
"S-1183","1901",0,-3,"RT-QuIC","20250903_r1_GR_USDA-oral-swabs_RT-QuIC",2,4,1.5753481785564,0.0834064455276814,72,0.0138888888888889,FALSE
"S-1185","1904",0,-3,"Nano-QuIC","20250819_r9_GR_USDA-oral-swabs_Nano-QuIC",2.7,4,2.19737526294669,0.174981517698741,72,0.0138888888888889,FALSE
"S-1185","1904",0,-3,"RT-QuIC","20250819_r8_GR_USDA-oral-swabs_RT-QuIC",2,4,1.50669181944253,0.0655956331877866,72,0.0138888888888889,FALSE
"S-1187","1942",3,-3,"Nano-QuIC","20250903_r2_GR_USDA-oral-swabs_Nano-QuIC",2.7,4,2.21251839078823,0.262325834078973,72,0.0138888888888889,FALSE
"S-1187","1942",3,-3,"RT-QuIC","20250903_r1_GR_USDA-oral-swabs_RT-QuIC",2,4,1.89806642001556,0.223983279506182,68.51953125,0.0147212133440947,FALSE
"S-1188","B-146",3,-3,"Nano-QuIC","20250903_r4_GR_USDA-oral-swabs_Nano-QuIC",2.7,4,1.96595541632774,0.0905696124170037,72,0.0138888888888889,FALSE
"S-1188","B-146",3,-3,"RT-QuIC","20250903_r3_GR_USDA-oral-swabs_RT-QuIC",2,4,1.6813000635565,0.147678905021273,72,0.0138888888888889,FALSE
"S-1189","1945",3,-3,"Nano-QuIC","20250903_r4_GR_USDA-oral-swabs_Nano-QuIC",2.7,4,1.96015507024527,0.0882579659573596,72,0.0138888888888889,FALSE
"S-1189","1945",3,-3,"RT-QuIC","20250903_r3_GR_USDA-oral-swabs_RT-QuIC",2,4,1.96014016674447,0.280954338518374,67.9775943396226,0.0148881084957395,FALSE
"S-1190","B-112",3,-3,"Nano-QuIC","20250903_r4_GR_USDA-oral-swabs_Nano-QuIC",2.7,4,1.95957908784762,0.0930982377723042,72,0.0138888888888889,FALSE
"S-1190","B-112",3,-3,"RT-QuIC","20250903_r3_GR_USDA-oral-swabs_RT-QuIC",2,4,1.66379442341343,0.148933396250311,72,0.0138888888888889,FALSE
"S-1191","B-121",3,-3,"Nano-QuIC","20250903_r4_GR_USDA-oral-swabs_Nano-QuIC",2.7,4,1.94297490564958,0.0861067914111243,72,0.0138888888888889,FALSE
"S-1191","B-121",3,-3,"RT-QuIC","20250903_r3_GR_USDA-oral-swabs_RT-QuIC",2,4,1.66954441458304,0.0926098395359496,72,0.0138888888888889,FALSE
"S-1192","B-166",3,-3,"Nano-QuIC","20250903_r4_GR_USDA-oral-swabs_Nano-QuIC",2.7,4,1.9375800463809,0.0747035943986932,72,0.0138888888888889,FALSE
"S-1192","B-166",3,-3,"RT-QuIC","20250903_r3_GR_USDA-oral-swabs_RT-QuIC",2,4,1.68279866852163,0.157622838523837,72,0.0138888888888889,FALSE
"S-1193","1901",3,-3,"Nano-QuIC","20250903_r4_GR_USDA-oral-swabs_Nano-QuIC",2.7,4,1.95217243395679,0.0794149172171238,72,0.0138888888888889,FALSE
"S-1193","1901",3,-3,"RT-QuIC","20250903_r3_GR_USDA-oral-swabs_RT-QuIC",2,4,1.68660203116245,0.137290610158329,72,0.0138888888888889,FALSE
"S-1194","1941",3,-3,"Nano-QuIC","20250903_r4_GR_USDA-oral-swabs_Nano-QuIC",2.7,4,1.96392974556498,0.0806615677211015,72,0.0138888888888889,FALSE
"S-1194","1941",3,-3,"RT-QuIC","20250903_r3_GR_USDA-oral-swabs_RT-QuIC",2,4,1.68817213388275,0.102483293874057,72,0.0138888888888889,FALSE
"S-1195","1944",3,-3,"Nano-QuIC","20250903_r4_GR_USDA-oral-swabs_Nano-QuIC",2.7,4,1.94914616920523,0.0803342770247805,72,0.0138888888888889,FALSE
"S-1195","1944",3,-3,"RT-QuIC","20250903_r3_GR_USDA-oral-swabs_RT-QuIC",2,4,1.65446756763005,0.125250704848708,72,0.0138888888888889,FALSE
"S-1196","Y-16",3,-3,"Nano-QuIC","20250903_r4_GR_USDA-oral-swabs_Nano-QuIC",2.7,4,1.96185831918038,0.0861608512000834,72,0.0138888888888889,FALSE
"S-1196","Y-16",3,-3,"RT-QuIC","20250903_r3_GR_USDA-oral-swabs_RT-QuIC",2,4,1.68125890020515,0.114664456306378,72,0.0138888888888889,FALSE
"S-1197","Y-18",3,-3,"Nano-QuIC","20250903_r4_GR_USDA-oral-swabs_Nano-QuIC",2.7,4,3.68920012738816,0.628157206986771,64.8306587837838,0.0161873221039498,FALSE
"S-1197","Y-18",3,-3,"RT-QuIC","20250903_r3_GR_USDA-oral-swabs_RT-QuIC",2,4,1.82336747904186,0.194280522589798,71.421875,0.014004110612855,FALSE
"S-1198","1905",3,-3,"Nano-QuIC","20250903_r4_GR_USDA-oral-swabs_Nano-QuIC",2.7,4,1.96390389001823,0.0879542258915518,72,0.0138888888888889,FALSE
"S-1198","1905",3,-3,"RT-QuIC","20250903_r3_GR_USDA-oral-swabs_RT-QuIC",2,4,1.69655225249546,0.107260538462364,72,0.0138888888888889,FALSE
"S-1199","B-167",3,-3,"Nano-QuIC","20250903_r4_GR_USDA-oral-swabs_Nano-QuIC",2.7,4,1.84064965366941,0.0891297368912241,72,0.0138888888888889,FALSE
"S-1199","B-167",3,-3,"RT-QuIC","20250903_r3_GR_USDA-oral-swabs_RT-QuIC",2,4,2.07586793910885,0.415670239432297,63.3454415954416,0.0171044191245586,FALSE
"S-1200","1904",3,-3,"Nano-QuIC","20250903_r4_GR_USDA-oral-swabs_Nano-QuIC",2.7,4,1.84834055376478,0.080319522192509,72,0.0138888888888889,FALSE
"S-1200","1904",3,-3,"RT-QuIC","20250903_r3_GR_USDA-oral-swabs_RT-QuIC",2,4,1.57499964557969,0.129685041588258,72,0.0138888888888889,FALSE
"S-1201","1943",3,-3,"Nano-QuIC","20250903_r4_GR_USDA-oral-swabs_Nano-QuIC",2.7,4,1.84600717640703,0.0889456135142087,72,0.0138888888888889,FALSE
"S-1201","1943",3,-3,"RT-QuIC","20250903_r3_GR_USDA-oral-swabs_RT-QuIC",2,4,1.56601295350544,0.0783097572554168,72,0.0138888888888889,FALSE
"S-1202","O-39",3,-3,"Nano-QuIC","20250903_r4_GR_USDA-oral-swabs_Nano-QuIC",2.7,4,2.7366961489095,0.533678589863992,59.7770874767749,0.0177521434157056,FALSE
"S-1202","O-39",3,-3,"RT-QuIC","20250903_r3_GR_USDA-oral-swabs_RT-QuIC",2,4,1.55178644966865,0.112416074966242,72,0.0138888888888889,FALSE
"S-1203","Y-15",3,-3,"Nano-QuIC","20250903_r4_GR_USDA-oral-swabs_Nano-QuIC",2.7,4,1.85006910807917,0.0831587877876103,72,0.0138888888888889,FALSE
"S-1203","Y-15",3,-3,"RT-QuIC","20250903_r3_GR_USDA-oral-swabs_RT-QuIC",2,4,1.57021749757113,0.103946454850958,72,0.0138888888888889,FALSE
"S-1204","B-204",3,-3,"Nano-QuIC","20250903_r4_GR_USDA-oral-swabs_Nano-QuIC",2.7,4,2.98571249334872,0.651858725919774,68.3480541237113,0.0147726580409056,FALSE
"S-1204","B-204",3,-3,"RT-QuIC","20250903_r3_GR_USDA-oral-swabs_RT-QuIC",2,4,1.54828569530765,0.0934565675691868,72,0.0138888888888889,FALSE
"S-1205","B-206",3,-3,"Nano-QuIC","20250903_r4_GR_USDA-oral-swabs_Nano-QuIC",2.7,4,1.88505079903663,0.0753582812602474,72,0.0138888888888889,FALSE
"S-1205","B-206",3,-3,"RT-QuIC","20250903_r3_GR_USDA-oral-swabs_RT-QuIC",2,4,1.55507073895386,0.0752867726935929,72,0.0138888888888889,FALSE
"S-1206","B-199",3,-3,"Nano-QuIC","20250903_r4_GR_USDA-oral-swabs_Nano-QuIC",2.7,4,1.90475728066647,0.0844850760147849,72,0.0138888888888889,FALSE
"S-1206","B-199",3,-3,"RT-QuIC","20250903_r3_GR_USDA-oral-swabs_RT-QuIC",2,4,1.54576967354266,0.082089376322109,72,0.0138888888888889,FALSE
"S-1207","Y-23",3,-3,"Nano-QuIC","20250903_r4_GR_USDA-oral-swabs_Nano-QuIC",2.7,4,1.91887146370095,0.0873758250290768,72,0.0138888888888889,FALSE
"S-1207","Y-23",3,-3,"RT-QuIC","20250903_r3_GR_USDA-oral-swabs_RT-QuIC",2,4,1.56372556151492,0.0793062395998471,72,0.0138888888888889,FALSE
"S-1208","B-158",3,-3,"Nano-QuIC","20250903_r4_GR_USDA-oral-swabs_Nano-QuIC",2.7,4,1.9002751597776,0.0871901684943318,72,0.0138888888888889,FALSE
"S-1208","B-158",3,-3,"RT-QuIC","20250903_r3_GR_USDA-oral-swabs_RT-QuIC",2,4,1.5804251595687,0.0834921166886313,72,0.0138888888888889,FALSE
"S-1209","B-161",3,-3,"Nano-QuIC","20250903_r4_GR_USDA-oral-swabs_Nano-QuIC",2.7,4,1.90408255673956,0.0869407460143165,72,0.0138888888888889,FALSE
"S-1209","B-161",3,-3,"RT-QuIC","20250903_r3_GR_USDA-oral-swabs_RT-QuIC",2,4,1.57725134624488,0.0995621541651537,72,0.0138888888888889,FALSE
"S-1256","1905",12,-3,"Nano-QuIC","20250819_r9_GR_USDA-oral-swabs_Nano-QuIC",2.7,4,2.54105718495863,0.277573047260867,67.5622222222222,0.0150250559833961,FALSE
"S-1256","1905",12,-3,"RT-QuIC","20250819_r8_GR_USDA-oral-swabs_RT-QuIC",2,4,1.53118893863664,0.0605657305944204,72,0.0138888888888889,FALSE
"S-1303","1945",18,-3,"Nano-QuIC","20250819_r9_GR_USDA-oral-swabs_Nano-QuIC",2.7,4,2.13402867424417,0.112157224266237,72,0.0138888888888889,FALSE
"S-1303","1945",18,-3,"RT-QuIC","20250819_r8_GR_USDA-oral-swabs_RT-QuIC",2,4,1.67774959514289,0.206813156355839,71.9327830188679,0.0139019037285461,FALSE
"S-1306","B-166",18,-3,"Nano-QuIC","20250819_r9_GR_USDA-oral-swabs_Nano-QuIC",2.7,4,2.11384572085631,0.126886734333486,72,0.0138888888888889,FALSE
"S-1306","B-166",18,-3,"RT-QuIC","20250819_r8_GR_USDA-oral-swabs_RT-QuIC",2,4,2.5541527327356,0.70532939583511,59.5088367609254,0.0217620745472045,FALSE
"S-1314","O-39",18,-3,"Nano-QuIC","20250819_r9_GR_USDA-oral-swabs_Nano-QuIC",2.7,4,2.12308527513958,0.090622167598084,72,0.0138888888888889,FALSE
"S-1314","O-39",18,-3,"RT-QuIC","20250819_r8_GR_USDA-oral-swabs_RT-QuIC",2,4,1.52773441490156,0.0696250229489854,72,0.0138888888888889,FALSE
"S-1329","O-39",0,-3,"Nano-QuIC","20250819_r9_GR_USDA-oral-swabs_Nano-QuIC",2.7,4,2.33575488680357,0.261554998024313,72,0.0138888888888889,FALSE
"S-1329","O-39",0,-3,"RT-QuIC","20250819_r8_GR_USDA-oral-swabs_RT-QuIC",2,4,1.49550335390865,0.0770504383278116,72,0.0138888888888889,FALSE
"S-1332","B-167",0,-3,"Nano-QuIC","20250819_r9_GR_USDA-oral-swabs_Nano-QuIC",2.7,4,2.32552951153402,0.254718799235401,72,0.0138888888888889,FALSE
"S-1332","B-167",0,-3,"RT-QuIC","20250819_r8_GR_USDA-oral-swabs_RT-QuIC",2,4,1.48489270915741,0.128009745656804,72,0.0138888888888889,FALSE
"S-1333","B-204",0,-3,"Nano-QuIC","20250819_r9_GR_USDA-oral-swabs_Nano-QuIC",2.7,4,2.25567121042951,0.205136226911356,72,0.0138888888888889,FALSE
"S-1333","B-204",0,-3,"RT-QuIC","20250819_r8_GR_USDA-oral-swabs_RT-QuIC",2,4,1.47433153134615,0.155601331403173,72,0.0138888888888889,FALSE
"S-1335","B-121",0,-3,"Nano-QuIC","20250819_r9_GR_USDA-oral-swabs_Nano-QuIC",2.7,4,2.18577362977846,0.159329804380325,72,0.0138888888888889,FALSE
"S-1335","B-121",0,-3,"RT-QuIC","20250819_r8_GR_USDA-oral-swabs_RT-QuIC",2,4,2.52939371141648,0.554577253065663,68.4158653846154,0.0147521677505419,FALSE
"S-1376","B-167",21,-3,"Nano-QuIC","20250819_r9_GR_USDA-oral-swabs_Nano-QuIC",2.7,4,2.1659754201543,0.180537280615327,72,0.0138888888888889,FALSE
"S-1376","B-167",21,-3,"RT-QuIC","20250819_r8_GR_USDA-oral-swabs_RT-QuIC",2,4,2.1105369025716,0.362097705724048,67.2273284313725,0.0151417326786183,FALSE
"S-1459","1942",33,-3,"Nano-QuIC","20250819_r9_GR_USDA-oral-swabs_Nano-QuIC",2.7,4,2.29812173275092,0.209484739540803,71.9230709876543,0.0139037922849857,FALSE
"S-1459","1942",33,-3,"RT-QuIC","20250819_r8_GR_USDA-oral-swabs_RT-QuIC",2,4,1.47378098353217,0.0974149666294833,72,0.0138888888888889,FALSE
"S-1467","1904",33,-3,"Nano-QuIC","20250819_r9_GR_USDA-oral-swabs_Nano-QuIC",2.7,4,2.0902170445955,0.109033185056263,72,0.0138888888888889,FALSE
"S-1467","1904",33,-3,"RT-QuIC","20250819_r8_GR_USDA-oral-swabs_RT-QuIC",2,4,4.78635296046583,1.71872180046603,38.5944914916954,0.0434289466599565,TRUE
"S-1469","Y-15",33,-3,"Nano-QuIC","20250819_r9_GR_USDA-oral-swabs_Nano-QuIC",2.7,4,3.40645899238395,0.868599024440125,54.9694377254312,0.0271178894675061,FALSE
"S-1469","Y-15",33,-3,"RT-QuIC","20250819_r8_GR_USDA-oral-swabs_RT-QuIC",2,4,6.00558657882429,2.84136741794649,35.5617302115186,0.0630937443337934,TRUE
"S-1470","B-204",33,-3,"Nano-QuIC","20250819_r9_GR_USDA-oral-swabs_Nano-QuIC",2.7,4,2.05764292386811,0.093966242028648,72,0.0138888888888889,FALSE
"S-1470","B-204",33,-3,"RT-QuIC","20250819_r8_GR_USDA-oral-swabs_RT-QuIC",2,4,3.0588469945904,1.30932221296725,56.7057155366112,0.024220517154825,FALSE
"S-1471","B-206",33,-3,"Nano-QuIC","20250819_r9_GR_USDA-oral-swabs_Nano-QuIC",2.7,4,1.99893250946569,0.0917423007680432,72,0.0138888888888889,FALSE
"S-1471","B-206",33,-3,"RT-QuIC","20250819_r8_GR_USDA-oral-swabs_RT-QuIC",2,4,1.46488069806131,0.090167150702604,72,0.0138888888888889,FALSE
"S-1483","B-121",36,-3,"Nano-QuIC","20250819_r9_GR_USDA-oral-swabs_Nano-QuIC",2.7,4,2.07804670053567,0.137156102016055,72,0.0138888888888889,FALSE
"S-1483","B-121",36,-3,"RT-QuIC","20250819_r8_GR_USDA-oral-swabs_RT-QuIC",2,4,2.48735199177424,0.649777906588456,58.4107658959538,0.0245865413492779,FALSE
