"Sample IDs","Tissue","Dilutions","MPR","MS","TtT","RAF","Assay","crossed"
"P",NA,-3,9.69871794871795,4.54273493333333,11.6939102564103,0.0855145950390572,"RT-QuIC",TRUE
"B-146","RAMALT",-2,33.1645569620253,26.4247538666667,27.775,0.036003600360036,"RT-QuIC",TRUE
"1945","RAMALT",-2,19.9531772575251,14.6934225333333,19.1307692307692,0.0522718134298351,"RT-QuIC",TRUE
"B-112","RAMALT",-2,21.7955555555556,3.16444453333333,28.6447368421053,0.0349104271933854,"RT-QuIC",TRUE
"B-121","RAMALT",-2,18.2323651452282,2.439834,38.7931034482759,0.0257777777777778,"RT-QuIC",TRUE
"B-166","RAMALT",-2,18.9384615384615,2.33846146666667,32.4345238095238,0.0308313452009543,"RT-QuIC",TRUE
"1901","RAMALT",-2,33.094262295082,23.9125684,20.1333333333333,0.0496688741721854,"RT-QuIC",TRUE
"1941","RAMALT",-2,17.9414414414414,2.7927928,21.7821428571429,0.0459091654369569,"RT-QuIC",TRUE
"1944","RAMALT",-2,28.362962962963,11.3530864,17.1737804878049,0.0582282975323984,"RT-QuIC",TRUE
"Y-18","RAMALT",-2,20.7875,3.27777773333333,26.5381944444444,0.0376815386628287,"RT-QuIC",TRUE
"B-167","RAMALT",-2,1.2020202020202,1.14478133333333,72,0.0138888888888889,"RT-QuIC",FALSE
"B-227","RAMALT",-2,1.11157024793388,0.92562,72,0.0138888888888889,"RT-QuIC",FALSE
"P",NA,-3,7.9915014164306,6.61000933333333,14.2665615141956,0.0700939745715865,"RT-QuIC",TRUE
"B-146","RAMALT",-2,26.3038461538462,23.7179486666667,17.259375,0.057939525620134,"RT-QuIC",TRUE
"1945","RAMALT",-2,21.8643533123028,17.4973712,12.06625,0.0828757899098726,"RT-QuIC",TRUE
"B-112","RAMALT",-2,19.5973451327434,1.8879056,31.0055555555556,0.0322522845368214,"RT-QuIC",TRUE
"B-121","RAMALT",-2,1.17054263565891,1.22997466666667,72,0.0138888888888889,"RT-QuIC",FALSE
"B-166","RAMALT",-2,16.6241134751773,1.574468,52.4827586206897,0.019053876478318,"RT-QuIC",TRUE
"1901","RAMALT",-2,25.7611336032389,5.58704453333333,17.7421875,0.0563628357551739,"RT-QuIC",TRUE
"1941","RAMALT",-2,10.6554621848739,1.394958,62.1311475409836,0.0160949868073879,"RT-QuIC",TRUE
"1944","RAMALT",-2,17.6398601398601,2.4988344,22.165,0.0451161741484322,"RT-QuIC",TRUE
"Y-18","RAMALT",-2,19.6734693877551,2.41632653333333,29.5263157894737,0.0338680926916221,"RT-QuIC",TRUE
"B-167","RAMALT",-2,1.1697247706422,1.36391466666667,72,0.0138888888888889,"RT-QuIC",FALSE
"B-227","RAMALT",-2,1.125,1.03645866666667,72,0.0138888888888889,"RT-QuIC",FALSE
"P",NA,-3,8.74567901234568,4.8427984,13.2665662650602,0.0753774548756953,"RT-QuIC",TRUE
"B-146","RAMALT",-2,35.5433070866142,28.3937008,18.4861111111111,0.0540946656649136,"RT-QuIC",TRUE
"1945","RAMALT",-2,19.5847953216374,16.245614,9.64311594202899,0.103700920533534,"RT-QuIC",TRUE
"B-112","RAMALT",-2,1.18454935622318,1.25894133333333,72,0.0138888888888889,"RT-QuIC",FALSE
"B-121","RAMALT",-2,1.18217054263566,1.24547866666667,72,0.0138888888888889,"RT-QuIC",FALSE
"B-166","RAMALT",-2,9.48056537102473,1.17314533333333,53.4054054054054,0.0187246963562753,"RT-QuIC",TRUE
"1901","RAMALT",-2,24.9918367346939,5.15374146666667,19.1778846153846,0.0521433943344196,"RT-QuIC",TRUE
"1941","RAMALT",-2,11.9256198347107,1.300276,55.2012195121951,0.018115541809345,"RT-QuIC",TRUE
"1944","RAMALT",-2,22.4137931034483,2.95172413333333,25.7439024390244,0.0388441496920891,"RT-QuIC",TRUE
"Y-18","RAMALT",-2,14.8911290322581,1.27957,44.5,0.0224719101123595,"RT-QuIC",TRUE
"B-167","RAMALT",-2,1.14611872146119,1.144596,72,0.0138888888888889,"RT-QuIC",FALSE
"B-227","RAMALT",-2,1.13492063492063,1.00529066666667,72,0.0138888888888889,"RT-QuIC",FALSE
"P",NA,-3,8.62935323383085,5.43283573333333,8.56617647058824,0.116738197424893,"RT-QuIC",TRUE
"B-146","RAMALT",-2,25.3031496062992,23.4698162666667,17.3506493506494,0.0576347305389222,"RT-QuIC",TRUE
"1945","RAMALT",-2,21.4012345679012,18.6543209333333,10.2777777777778,0.0972972972972973,"RT-QuIC",TRUE
"B-112","RAMALT",-2,1.188,1.104,72,0.0138888888888889,"RT-QuIC",FALSE
"B-121","RAMALT",-2,1.15,1.11794933333333,72,0.0138888888888889,"RT-QuIC",FALSE
"B-166","RAMALT",-2,14.9448051948052,1.155844,46.1887755102041,0.021650281674583,"RT-QuIC",TRUE
"1901","RAMALT",-2,27.1349206349206,6.03174613333333,21.1847826086957,0.0472036942021549,"RT-QuIC",TRUE
"1941","RAMALT",-2,14.5551181102362,1.60104986666667,38.8679245283019,0.0257281553398058,"RT-QuIC",TRUE
"1944","RAMALT",-2,17.5597269624573,1.86575666666667,23.8023255813953,0.0420127015144113,"RT-QuIC",TRUE
"Y-18","RAMALT",-2,17.7741935483871,1.5,28.96875,0.0345199568500539,"RT-QuIC",TRUE
"B-167","RAMALT",-2,1.18433179723502,1.17357866666667,72,0.0138888888888889,"RT-QuIC",FALSE
"B-227","RAMALT",-2,1.11328125,0.947917333333333,72,0.0138888888888889,"RT-QuIC",FALSE
"N",NA,-3,1.40866873065015,1.15170266666667,72,0.0138888888888889,"RT-QuIC",FALSE
"B-146","RAMALT",-3,16.6833333333333,12.7733333333333,14.3381294964029,0.0697441043652785,"RT-QuIC",TRUE
"1945","RAMALT",-3,13.9798657718121,11.4586130666667,16.9945054945055,0.0588425476883285,"RT-QuIC",TRUE
"B-112","RAMALT",-3,11.0831168831169,8.0069264,16.2310344827586,0.0616103675377098,"RT-QuIC",TRUE
"B-121","RAMALT",-3,17.3711340206186,11.2256586666667,13.78125,0.072562358276644,"RT-QuIC",TRUE
"B-166","RAMALT",-3,18.0098039215686,10.6143792,13.7746913580247,0.0725969079094779,"RT-QuIC",TRUE
"1901","RAMALT",-3,10.4107744107744,5.10886653333333,17.8005952380952,0.0561778966727972,"RT-QuIC",TRUE
"1941","RAMALT",-3,20.3954248366013,10.7015250666667,13.8527397260274,0.0721878862793572,"RT-QuIC",TRUE
"1944","RAMALT",-3,18.3503184713376,10.9087048,12.8708791208791,0.0776947705442903,"RT-QuIC",TRUE
"Y-18","RAMALT",-3,16.2147651006711,8.25950773333333,14.809375,0.0675247942603925,"RT-QuIC",TRUE
"B-167","RAMALT",-3,12.8581081081081,9.7972972,14.4768518518519,0.0690757914934442,"RT-QuIC",TRUE
"B-227","RAMALT",-3,1.2012987012987,0.688311733333333,72,0.0138888888888889,"RT-QuIC",FALSE
"N",NA,-3,1.27525252525253,0.922559466666667,72,0.0138888888888889,"RT-QuIC",FALSE
"B-146","RAMALT",-3,18.1208053691275,13.409396,13.0154028436019,0.076832043695949,"RT-QuIC",TRUE
"1945","RAMALT",-3,17.5302013422819,12.0178970666667,17.3459595959596,0.0576503130004367,"RT-QuIC",TRUE
"B-112","RAMALT",-3,17.7966666666667,14.4311110666667,12.5,0.08,"RT-QuIC",TRUE
"B-121","RAMALT",-3,16.0197368421053,12.2105264,12.4487179487179,0.0803295571575695,"RT-QuIC",TRUE
"B-166","RAMALT",-3,18.1170886075949,11.9915612,12.2713815789474,0.0814904168342045,"RT-QuIC",TRUE
"1901","RAMALT",-3,17.2210884353741,10.2494330666667,14.0661157024793,0.0710928319623972,"RT-QuIC",TRUE
"1941","RAMALT",-3,17.2211538461538,8.97435893333333,12.045,0.08302200083022,"RT-QuIC",TRUE
"1944","RAMALT",-3,16.9905660377358,11.0020965333333,11.0497076023392,0.090500132310135,"RT-QuIC",TRUE
"Y-18","RAMALT",-3,16.588996763754,9.49298813333333,12.5222222222222,0.0798580301685892,"RT-QuIC",TRUE
"B-167","RAMALT",-3,14.1939799331104,11.3756968,12.4305555555556,0.0804469273743017,"RT-QuIC",TRUE
"B-227","RAMALT",-3,1.35714285714286,0.783549333333333,72,0.0138888888888889,"RT-QuIC",FALSE
"N",NA,-3,1.38069705093834,1.025916,72,0.0138888888888889,"RT-QuIC",FALSE
"B-146","RAMALT",-3,17.8724832214765,13.7807605333333,12.2011173184358,0.081959706959707,"RT-QuIC",TRUE
"1945","RAMALT",-3,12.2116040955631,10.6029578666667,16.0985221674877,0.0621175030599755,"RT-QuIC",TRUE
"B-112","RAMALT",-3,16.5117056856187,12.7402453333333,11.051652892562,0.0904842026547018,"RT-QuIC",TRUE
"B-121","RAMALT",-3,16.1921824104235,10.9663409333333,12.0980392156863,0.0826580226904376,"RT-QuIC",TRUE
"B-166","RAMALT",-3,11.9145569620253,10.3797468,12.675,0.0788954635108481,"RT-QuIC",TRUE
"1901","RAMALT",-3,17.7233333333333,11.6133333333333,15.390625,0.0649746192893401,"RT-QuIC",TRUE
"1941","RAMALT",-3,15.0862619808307,8.225772,11.5886524822695,0.0862913096695226,"RT-QuIC",TRUE
"1944","RAMALT",-3,16.4826498422713,10.1661409333333,10.0305907172996,0.0996950257650647,"RT-QuIC",TRUE
"Y-18","RAMALT",-3,11.0771704180064,6.81243293333333,12.1332335329341,0.0824182603331277,"RT-QuIC",TRUE
"B-167","RAMALT",-3,16.4865771812081,11.9776286666667,13.7234042553191,0.0728682170542636,"RT-QuIC",TRUE
"B-227","RAMALT",-3,1.32903225806452,0.705376666666667,72,0.0138888888888889,"RT-QuIC",FALSE
"N",NA,-3,1.36411609498681,0.890061333333333,72,0.0138888888888889,"RT-QuIC",FALSE
"B-146","RAMALT",-3,15.8613861386139,12.1056105333333,11.6140350877193,0.0861027190332326,"RT-QuIC",TRUE
"1945","RAMALT",-3,16.1535836177474,9.0648464,15.0038961038961,0.0666493551458496,"RT-QuIC",TRUE
"B-112","RAMALT",-3,17.5395189003436,12.742268,12.8396226415094,0.0778839088905217,"RT-QuIC",TRUE
"B-121","RAMALT",-3,16.0580204778157,9.5745164,15.1420454545455,0.0660412757973734,"RT-QuIC",TRUE
"B-166","RAMALT",-3,13.1806451612903,7.78494626666667,11.6323529411765,0.0859671302149178,"RT-QuIC",TRUE
"1901","RAMALT",-3,15.2721088435374,10.4716553333333,14.7395209580838,0.0678448100751574,"RT-QuIC",TRUE
"1941","RAMALT",-3,16.4385382059801,9.22259146666667,11.7653846153846,0.084995096436744,"RT-QuIC",TRUE
"1944","RAMALT",-3,13.7515527950311,9.3623188,12.0285714285714,0.0831353919239905,"RT-QuIC",TRUE
"Y-18","RAMALT",-3,15.6845637583893,11.1051454666667,14.7008928571429,0.0680230792590343,"RT-QuIC",TRUE
"B-167","RAMALT",-3,16.9351535836177,11.098976,12.7974137931034,0.0781407881441563,"RT-QuIC",TRUE
"B-227","RAMALT",-3,6.6875,2.3947368,58.7055921052632,0.0170341523548035,"RT-QuIC",TRUE
"P",NA,-3,6.53947368421053,2.74035093333333,14.1111111111111,0.0708661417322835,"RT-QuIC",TRUE
"1904","RAMALT",-2,17.4551282051282,7.70512813333333,24.1605691056911,0.0413897535122403,"RT-QuIC",TRUE
"1943","RAMALT",-2,1.1047619047619,0.867725333333333,72,0.0138888888888889,"RT-QuIC",FALSE
"O-39","RAMALT",-2,15.3107142857143,9.23809533333333,19.2026515151515,0.0520761416313246,"RT-QuIC",TRUE
"1942","RPLN",-2,21.8170347003155,4.2229232,41.3306451612903,0.0241951219512195,"RT-QuIC",TRUE
"B-146","RPLN",-2,24.3550724637681,10.9758453333333,31.56875,0.0316768956642249,"RT-QuIC",TRUE
"1945","RPLN",-2,21.7701149425287,11.5900382666667,17.8952702702703,0.0558806871814235,"RT-QuIC",TRUE
"B-112","RPLN",-2,2.54849498327759,0.735785333333333,70.484375,0.0141875415650632,"RT-QuIC",TRUE
"B-121","RPLN",-2,1.05956112852665,0.743991733333333,72,0.0138888888888889,"RT-QuIC",FALSE
"B-166","RPLN",-2,23.3657817109145,23.4454277333333,19.5729166666667,0.0510910058541778,"RT-QuIC",TRUE
"1901","RPLN",-2,1.11469534050179,0.740740666666667,72,0.0138888888888889,"RT-QuIC",FALSE
"1941","RPLN",-2,46.6822742474916,41.1817168,25.6071428571429,0.0390516039051604,"RT-QuIC",TRUE
"P",NA,-3,6.37378640776699,3.5210356,15.0289855072464,0.0665380906460945,"RT-QuIC",TRUE
"1904","RAMALT",-2,23.0538922155689,4.83433133333333,32.698275862069,0.0305826522541524,"RT-QuIC",TRUE
"1943","RAMALT",-2,1.15105740181269,1.055388,72,0.0138888888888889,"RT-QuIC",FALSE
"O-39","RAMALT",-2,15.4210526315789,11.0175438666667,13.7528735632184,0.0727120768909319,"RT-QuIC",TRUE
"1942","RPLN",-2,17.9418604651163,1.93023253333333,47.575,0.0210194429847609,"RT-QuIC",TRUE
"B-146","RPLN",-2,1.13356164383562,0.849314666666667,72,0.0138888888888889,"RT-QuIC",FALSE
"1945","RPLN",-2,24.8086419753086,14.8641974666667,15.8611111111111,0.0630472854640981,"RT-QuIC",TRUE
"B-112","RPLN",-2,1.09354838709677,0.903225333333333,72,0.0138888888888889,"RT-QuIC",FALSE
"B-121","RPLN",-2,1.07309941520468,0.861598666666667,72,0.0138888888888889,"RT-QuIC",FALSE
"B-166","RPLN",-2,14.4926686217009,9.78690133333333,14.2028301886792,0.0704085021587512,"RT-QuIC",TRUE
"1901","RPLN",-2,1.10847457627119,0.849717066666667,72,0.0138888888888889,"RT-QuIC",FALSE
"1941","RPLN",-2,24.8914473684211,5.67543853333333,48.4565217391304,0.0206370569762225,"RT-QuIC",TRUE
"P",NA,-3,5.7741935483871,3.12135186666667,17.9107142857143,0.0558325024925224,"RT-QuIC",TRUE
"1904","RAMALT",-2,29.325,12.0875,29.6014492753623,0.0337821297429621,"RT-QuIC",TRUE
"1943","RAMALT",-2,1.17197452229299,1.11677333333333,72,0.0138888888888889,"RT-QuIC",FALSE
"O-39","RAMALT",-2,14.205298013245,11.4172185333333,12.3737623762376,0.0808161632326465,"RT-QuIC",TRUE
"1942","RPLN",-2,7.3728323699422,0.9980732,60.1346153846154,0.0166293572113847,"RT-QuIC",TRUE
"B-146","RPLN",-2,1.15384615384615,0.839161333333333,72,0.0138888888888889,"RT-QuIC",FALSE
"1945","RPLN",-2,16.9857142857143,11.9428570666667,11.3442857142857,0.0881501070394157,"RT-QuIC",TRUE
"B-112","RPLN",-2,19.2269736842105,4.06140346666667,54.3863636363636,0.0183869619724196,"RT-QuIC",TRUE
"B-121","RPLN",-2,1.12111801242236,0.915113333333333,72,0.0138888888888889,"RT-QuIC",FALSE
"B-166","RPLN",-2,23.9701492537313,16.5253730666667,23.5105421686747,0.0425341105630645,"RT-QuIC",TRUE
"1901","RPLN",-2,1.12014134275618,0.833922666666667,72,0.0138888888888889,"RT-QuIC",FALSE
"1941","RPLN",-2,1.13651877133106,0.94198,72,0.0138888888888889,"RT-QuIC",FALSE
"P",NA,-3,7.52666666666667,2.8296296,16.6092592592593,0.0602073809789274,"RT-QuIC",TRUE
"1904","RAMALT",-2,16.9883040935673,1.96881093333333,23.8222222222222,0.0419776119402985,"RT-QuIC",TRUE
"1943","RAMALT",-2,1.13173652694611,0.914172,72,0.0138888888888889,"RT-QuIC",FALSE
"O-39","RAMALT",-2,14.6610738255034,9.35123053333333,16.45,0.060790273556231,"RT-QuIC",TRUE
"1942","RPLN",-2,6.08459214501511,0.966768,61.7321428571429,0.0161990164882846,"RT-QuIC",TRUE
"B-146","RPLN",-2,1.16151202749141,0.792669333333333,72,0.0138888888888889,"RT-QuIC",FALSE
"1945","RPLN",-2,16.0752688172043,10.157706,12.0344036697248,0.0830951019630265,"RT-QuIC",TRUE
"B-112","RPLN",-2,1.18918918918919,0.950450666666667,72,0.0138888888888889,"RT-QuIC",FALSE
"B-121","RPLN",-2,1.18296529968454,1.009464,72,0.0138888888888889,"RT-QuIC",FALSE
"B-166","RPLN",-2,23.4668587896254,13.3102785333333,20.5120967741935,0.0487517200707686,"RT-QuIC",TRUE
"1901","RPLN",-2,1.12099644128114,0.844602666666667,72,0.0138888888888889,"RT-QuIC",FALSE
"1941","RPLN",-2,1.13468013468013,0.906846666666667,72,0.0138888888888889,"RT-QuIC",FALSE
"N",NA,-3,1.28835978835979,0.871252,72,0.0138888888888889,"RT-QuIC",FALSE
"1904","RAMALT",-3,8.54078549848943,4.8016112,18.1430412371134,0.0551175509624263,"RT-QuIC",TRUE
"1943","RAMALT",-3,10.3513513513514,5.45345346666667,15.4333333333333,0.0647948164146868,"RT-QuIC",TRUE
"O-39","RAMALT",-3,15.6355421686747,7,20.4465408805031,0.0489080282989849,"RT-QuIC",TRUE
"1942","RPLN",-3,14.2619047619048,10.5396825333333,16.291313559322,0.0613824045776709,"RT-QuIC",TRUE
"B-146","RPLN",-3,10.466049382716,6.617284,21.0548387096774,0.0474950206833155,"RT-QuIC",TRUE
"1945","RPLN",-3,9.36708860759494,5.47257386666667,13.9891304347826,0.0714840714840715,"RT-QuIC",TRUE
"B-112","RPLN",-3,11.2944785276074,6.20449893333333,19.4955357142857,0.0512937943668422,"RT-QuIC",TRUE
"B-121","RPLN",-3,6.86163522012579,4.230608,17.9518633540373,0.0557045238301185,"RT-QuIC",TRUE
"B-166","RPLN",-3,12.3012422360248,5.82608706666667,16.1,0.062111801242236,"RT-QuIC",TRUE
"1901","RPLN",-3,9.18849840255591,5.77635786666667,21.2683823529412,0.0470181503889369,"RT-QuIC",TRUE
"1941","RPLN",-3,12.9555555555556,5.35873013333333,14.8901869158879,0.0671583241801349,"RT-QuIC",TRUE
"N",NA,-3,1.27226463104326,0.848176,72,0.0138888888888889,"RT-QuIC",FALSE
"1904","RAMALT",-3,12.5970149253731,7.1840796,16.0348837209302,0.0623640319071791,"RT-QuIC",TRUE
"1943","RAMALT",-3,13.3435754189944,8.5325884,12.57,0.0795544948289578,"RT-QuIC",TRUE
"O-39","RAMALT",-3,10.3410404624277,8.05394986666667,17.8088235294118,0.0561519405450041,"RT-QuIC",TRUE
"1942","RPLN",-3,11.4294117647059,7.11764706666667,15.6439393939394,0.0639225181598063,"RT-QuIC",TRUE
"B-146","RPLN",-3,10.7797619047619,4.50396826666667,18.5785256410256,0.053825584404382,"RT-QuIC",TRUE
"1945","RPLN",-3,13.36,5.12380946666667,12.1769230769231,0.082122552116235,"RT-QuIC",TRUE
"B-112","RPLN",-3,17.6450617283951,11.4403293333333,16.416095890411,0.0609158235110045,"RT-QuIC",TRUE
"B-121","RPLN",-3,11.575,7.1625,16.3984375,0.0609814197236779,"RT-QuIC",TRUE
"B-166","RPLN",-3,10.5457227138643,4.892822,13.7079207920792,0.072950523654749,"RT-QuIC",TRUE
"1901","RPLN",-3,18.2222222222222,17.125926,20.575,0.0486026731470231,"RT-QuIC",TRUE
"1941","RPLN",-3,13.4254658385093,6.22360253333333,13.76,0.0726744186046512,"RT-QuIC",TRUE
"N",NA,-3,1.26172839506173,0.763785866666666,72,0.0138888888888889,"RT-QuIC",FALSE
"1904","RAMALT",-3,25.1211180124224,15.2795030666667,12.9028925619835,0.077502001601281,"RT-QuIC",TRUE
"1943","RAMALT",-3,7.85714285714286,6.0228572,16.34375,0.0611854684512428,"RT-QuIC",TRUE
"O-39","RAMALT",-3,10.0484848484848,6.88484853333333,15.6265306122449,0.0639937312263289,"RT-QuIC",TRUE
"1942","RPLN",-3,16.4732142857143,7.65476186666667,14.3543956043956,0.0696650717703349,"RT-QuIC",TRUE
"B-146","RPLN",-3,13.5818713450292,6.61988306666667,17.1322463768116,0.058369461774347,"RT-QuIC",TRUE
"1945","RPLN",-3,11.8205882352941,8.81568626666667,11.7626146788991,0.0850151116310812,"RT-QuIC",TRUE
"B-112","RPLN",-3,14.0205882352941,7.06666666666667,17.0512820512821,0.0586466165413534,"RT-QuIC",TRUE
"B-121","RPLN",-3,10.9130434782609,6.47204973333333,15.1794117647059,0.0658787056771943,"RT-QuIC",TRUE
"B-166","RPLN",-3,10.7694610778443,6.66267466666667,13.3674033149171,0.0748088448026452,"RT-QuIC",TRUE
"1901","RPLN",-3,8.71646341463415,6.4471544,18.8911917098446,0.0529347229840922,"RT-QuIC",TRUE
"1941","RPLN",-3,14.096875,11.3041666666667,12.7892670157068,0.0781905639136219,"RT-QuIC",TRUE
"N",NA,-3,1.27790973871734,0.665082933333333,72,0.0138888888888889,"RT-QuIC",FALSE
"1904","RAMALT",-3,8.54545454545454,5.2282828,12.715625,0.0786434013271074,"RT-QuIC",TRUE
"1943","RAMALT",-3,13.8466076696165,8.5781712,16.3071428571429,0.0613228208497591,"RT-QuIC",TRUE
"O-39","RAMALT",-3,7.59428571428571,5.22666666666667,15.5036231884058,0.0645010516475812,"RT-QuIC",TRUE
"1942","RPLN",-3,14.4090909090909,8.70454546666667,13.8798076923077,0.0720471077242813,"RT-QuIC",TRUE
"B-146","RPLN",-3,14.6103896103896,7.93073586666667,14.9350282485876,0.0669566862114621,"RT-QuIC",TRUE
"1945","RPLN",-3,14.1348973607038,5.78690133333333,12.1640625,0.0822093770070649,"RT-QuIC",TRUE
"B-112","RPLN",-3,10.9341317365269,8.24750493333333,15.7410071942446,0.0635283363802559,"RT-QuIC",TRUE
"B-121","RPLN",-3,13.9446153846154,8.8492308,13.3852941176471,0.0747088551966601,"RT-QuIC",TRUE
"B-166","RPLN",-3,13.6848484848485,8.080808,11.6444444444444,0.0858778625954199,"RT-QuIC",TRUE
"1901","RPLN",-3,9.15562913907285,6.93156733333333,22.7178571428571,0.0440182361263952,"RT-QuIC",TRUE
"1941","RPLN",-3,12.8694267515924,7.21443746666667,11.4285714285714,0.0875,"RT-QuIC",TRUE
"P",NA,-3,5.85770750988142,2.98287213333333,19.1205357142857,0.0522997898669157,"RT-QuIC",TRUE
"1944","RPLN",-2,30.3052884615385,17.0384616,20.7753164556962,0.0481340441736481,"RT-QuIC",TRUE
"Y-18","RPLN",-2,1.06392694063927,0.806697333333333,72,0.0138888888888889,"RT-QuIC",FALSE
"1905","RPLN",-2,23.7453703703704,10.6203704,19.3383838383838,0.0517106294071559,"RT-QuIC",TRUE
"B-167","RPLN",-2,17.4834905660377,10.1981132,41.6556603773585,0.0240063412977013,"RT-QuIC",TRUE
"B-227","RPLN",-2,1.11111111111111,0.726632,72,0.0138888888888889,"RT-QuIC",FALSE
"1904","RPLN",-2,1.11653116531165,0.791328,72,0.0138888888888889,"RT-QuIC",FALSE
"1943","RPLN",-2,1.08108108108108,0.6594588,72,0.0138888888888889,"RT-QuIC",FALSE
"O-39","RPLN",-2,17.2474747474747,11.7306397333333,15.6559633027523,0.0638734251391737,"RT-QuIC",TRUE
"P",NA,-3,6.17700729927007,1.81995133333333,15.6701030927835,0.0638157894736842,"RT-QuIC",TRUE
"1944","RPLN",-2,25.7342342342342,13.891892,14.3870192307692,0.0695071010860485,"RT-QuIC",TRUE
"Y-18","RPLN",-2,1.11926605504587,0.990825333333333,72,0.0138888888888889,"RT-QuIC",FALSE
"1905","RPLN",-2,25.0263157894737,16.8070176,18.3590277777778,0.0544691152551348,"RT-QuIC",TRUE
"B-167","RPLN",-2,26.7620087336245,20.3784570666667,30.6567164179104,0.0326192794547225,"RT-QuIC",TRUE
"B-227","RPLN",-2,1.11325301204819,0.790361333333333,72,0.0138888888888889,"RT-QuIC",FALSE
"1904","RPLN",-2,1.11111111111111,0.823428,72,0.0138888888888889,"RT-QuIC",FALSE
"1943","RPLN",-2,1.11891891891892,0.724324,72,0.0138888888888889,"RT-QuIC",FALSE
"O-39","RPLN",-2,17.175,9.98333333333333,13.978515625,0.0715383540589632,"RT-QuIC",TRUE
"P",NA,-3,5.62412587412587,2.47086253333333,11.3772189349112,0.0878949421401638,"RT-QuIC",TRUE
"1944","RPLN",-2,24.353982300885,11.9764012,14.3243243243243,0.069811320754717,"RT-QuIC",TRUE
"Y-18","RPLN",-2,1.12385321100917,0.877676,72,0.0138888888888889,"RT-QuIC",FALSE
"1905","RPLN",-2,23.1169977924945,15.2347314666667,23.7768691588785,0.0420576819142141,"RT-QuIC",TRUE
"B-167","RPLN",-2,28.5579868708972,24.1342085333333,33.426724137931,0.0299161831076725,"RT-QuIC",TRUE
"B-227","RPLN",-2,1.14939759036145,0.928514666666667,72,0.0138888888888889,"RT-QuIC",FALSE
"1904","RPLN",-2,1.16058394160584,0.924574666666667,72,0.0138888888888889,"RT-QuIC",FALSE
"1943","RPLN",-2,1.13297872340426,0.957446666666667,72,0.0138888888888889,"RT-QuIC",FALSE
"O-39","RPLN",-2,13.9213759213759,7.02702693333333,12.9011976047904,0.077512183801346,"RT-QuIC",TRUE
"P",NA,-3,5.55008488964346,1.58913413333333,16.1838842975207,0.0617898633984425,"RT-QuIC",TRUE
"1944","RPLN",-2,32.9494505494505,12.3018314666667,14.2946428571429,0.0699562773266708,"RT-QuIC",TRUE
"Y-18","RPLN",-2,1.0979020979021,0.786325333333333,72,0.0138888888888889,"RT-QuIC",FALSE
"1905","RPLN",-2,16.1957894736842,4.67649133333333,33.890625,0.0295066851083449,"RT-QuIC",TRUE
"B-167","RPLN",-2,19.9252747252747,8.0205128,30.1186440677966,0.0332020258863253,"RT-QuIC",TRUE
"B-227","RPLN",-2,1.11893203883495,0.834952,72,0.0138888888888889,"RT-QuIC",FALSE
"1904","RPLN",-2,1.1575,0.94,72,0.0138888888888889,"RT-QuIC",FALSE
"1943","RPLN",-2,1.11053984575835,0.695801333333333,72,0.0138888888888889,"RT-QuIC",FALSE
"O-39","RPLN",-2,16.0938271604938,8.58600813333333,13.53125,0.0739030023094688,"RT-QuIC",TRUE
"N",NA,-3,1.23943661971831,0.845069866666667,72,0.0138888888888889,"RT-QuIC",FALSE
"1944","RPLN",-3,7.53117782909931,4.3079292,19.1903225806452,0.052109598251807,"RT-QuIC",TRUE
"Y-18","RPLN",-3,6.98672566371681,3.36283173333333,22.5357142857143,0.0443740095087163,"RT-QuIC",TRUE
"1905","RPLN",-3,9.16122004357299,4.90922293333333,18.6016355140187,0.0537587138102116,"RT-QuIC",TRUE
"B-167","RPLN",-3,10.2542372881356,4.84745773333333,18.7765363128492,0.0532579589407914,"RT-QuIC",TRUE
"B-227","RPLN",-3,1.08185840707965,0.519174666666667,72,0.0138888888888889,"RT-QuIC",FALSE
"1904","RPLN",-3,20.5743707093822,15.2799390666667,20.0619658119658,0.049845563957823,"RT-QuIC",TRUE
"1943","RPLN",-3,8.59684684684685,4.2612612,20.0858778625954,0.0497862232779097,"RT-QuIC",TRUE
"O-39","RPLN",-3,7.93023255813953,3.36434106666667,22.7612179487179,0.0439343800605506,"RT-QuIC",TRUE
"N",NA,-3,1.1768826619965,0.7659076,72,0.0138888888888889,"RT-QuIC",FALSE
"1944","RPLN",-3,29.6741573033708,11.718352,14.7516339869281,0.0677891005759858,"RT-QuIC",TRUE
"Y-18","RPLN",-3,7.99565217391304,3.33913053333333,22.4131097560976,0.0446167448819969,"RT-QuIC",TRUE
"1905","RPLN",-3,11.6942148760331,5.55922866666667,13.1593886462882,0.0759913721586195,"RT-QuIC",TRUE
"B-167","RPLN",-3,8.69709543568465,4.7081604,20.6020408163265,0.0485388806339772,"RT-QuIC",TRUE
"B-227","RPLN",-3,1.14316239316239,0.484330666666667,72,0.0138888888888889,"RT-QuIC",FALSE
"1904","RPLN",-3,9.80694143167028,4.97758493333333,17.2584033613445,0.0579427875836884,"RT-QuIC",TRUE
"1943","RPLN",-3,11.86230248307,7.9127164,18.4403669724771,0.054228855721393,"RT-QuIC",TRUE
"O-39","RPLN",-3,8.98214285714286,3.24107133333333,13.2895256916996,0.075247230277344,"RT-QuIC",TRUE
"N",NA,-3,1.20970537261698,0.771808533333333,72,0.0138888888888889,"RT-QuIC",FALSE
"1944","RPLN",-3,10.2204545454545,5.76363626666667,15.2267441860465,0.0656739213440244,"RT-QuIC",TRUE
"Y-18","RPLN",-3,14.364238410596,7.69389253333333,22.1185714285714,0.0452108764451334,"RT-QuIC",TRUE
"1905","RPLN",-3,8.79830148619958,4.7615004,14.7979797979798,0.0675767918088737,"RT-QuIC",TRUE
"B-167","RPLN",-3,10.1910828025478,5.9079972,15.612012987013,0.0640532390558386,"RT-QuIC",TRUE
"B-227","RPLN",-3,1.14935064935065,0.528138666666667,72,0.0138888888888889,"RT-QuIC",FALSE
"1904","RPLN",-3,12.5343347639485,7.18168813333333,18.7987804878049,0.0531949399935128,"RT-QuIC",TRUE
"1943","RPLN",-3,12.3413566739606,6.5441284,17.030303030303,0.0587188612099644,"RT-QuIC",TRUE
"O-39","RPLN",-3,10.7615740740741,4.9907408,19.9267955801105,0.0501836833714563,"RT-QuIC",TRUE
"N",NA,-3,1.19031141868512,0.735871333333333,72,0.0138888888888889,"RT-QuIC",FALSE
"1944","RPLN",-3,13.7723214285714,8.12202373333333,12.5055555555556,0.0799644602398934,"RT-QuIC",TRUE
"Y-18","RPLN",-3,7.29954954954955,3.74774773333333,15.5920542635659,0.0641352308744018,"RT-QuIC",TRUE
"1905","RPLN",-3,8.86382978723404,4.33191493333333,13.3971631205674,0.0746426680783483,"RT-QuIC",TRUE
"B-167","RPLN",-3,10.2252631578947,4.5726316,14.9318181818182,0.0669710806697108,"RT-QuIC",TRUE
"B-227","RPLN",-3,1.15652173913043,0.472464,72,0.0138888888888889,"RT-QuIC",FALSE
"1904","RPLN",-3,14.1832946635731,9.0239752,14.6316872427984,0.0683448178877795,"RT-QuIC",TRUE
"1943","RPLN",-3,11.1038374717833,6.45297213333333,15.4509803921569,0.0647208121827411,"RT-QuIC",TRUE
"O-39","RPLN",-3,12.3248847926267,7.686636,18.0483333333333,0.0554067780958537,"RT-QuIC",TRUE
"P",NA,-3,10.280442804428,4.66666666666667,7.09083333333333,0.141027147725937,"Nano-QuIC",TRUE
"B-146","RAMALT",-2,8.86993603411514,3.00497506666667,16.7395833333333,0.059738643434972,"Nano-QuIC",TRUE
"1945","RAMALT",-2,10.6061776061776,4.4607464,12.2630718954248,0.081545636242505,"Nano-QuIC",TRUE
"B-112","RAMALT",-2,10.2919540229885,2.20076666666667,25.7857142857143,0.0387811634349031,"Nano-QuIC",TRUE
"B-121","RAMALT",-2,2.69807280513919,2.22127066666667,30.3809523809524,0.0329153605015674,"Nano-QuIC",TRUE
"B-166","RAMALT",-2,10.7331975560081,3.77460973333333,14.2868217054264,0.069994574064026,"Nano-QuIC",TRUE
"1901","RAMALT",-2,12.4988913525499,2.98891346666667,20.7672413793103,0.0481527604815276,"Nano-QuIC",TRUE
"1941","RAMALT",-2,11.5665137614679,3.4495412,17.6704545454545,0.0565916398713826,"Nano-QuIC",TRUE
"1944","RAMALT",-2,11.1422845691383,3.84235133333333,9.14949748743719,0.109295619936839,"Nano-QuIC",TRUE
"Y-18","RAMALT",-2,8.44351464435147,2.10878653333333,21.4677419354839,0.0465815176558978,"Nano-QuIC",TRUE
"B-167","RAMALT",-2,6.91106290672451,2.26174933333333,27.8636363636364,0.0358890701468189,"Nano-QuIC",TRUE
"B-227","RAMALT",-2,12.9504132231405,5.39393933333333,26.4821428571429,0.0377612946729602,"Nano-QuIC",TRUE
"P",NA,-3,8.16192170818505,4.5978648,7.54235727440147,0.13258454401172,"Nano-QuIC",TRUE
"B-146","RAMALT",-2,8.54526315789474,2.33543853333333,12.5888554216867,0.0794353391554014,"Nano-QuIC",TRUE
"1945","RAMALT",-2,10.6143410852713,3.92764853333333,13.7390350877193,0.0727853152434158,"Nano-QuIC",TRUE
"B-112","RAMALT",-2,2.79009433962264,2.35849066666667,24.65625,0.0405576679340938,"Nano-QuIC",TRUE
"B-121","RAMALT",-2,3.91925465838509,2.17253333333333,28.23,0.0354233085370174,"Nano-QuIC",TRUE
"B-166","RAMALT",-2,10.3822937625755,2.37692826666667,16.609375,0.0602069614299153,"Nano-QuIC",TRUE
"1901","RAMALT",-2,5.52391799544419,2.235384,25.22,0.0396510705789056,"Nano-QuIC",TRUE
"1941","RAMALT",-2,9.274231678487,2.405044,19.7983870967742,0.0505091649694501,"Nano-QuIC",TRUE
"1944","RAMALT",-2,12.501968503937,2.30446186666667,17.0375,0.0586940572267058,"Nano-QuIC",TRUE
"Y-18","RAMALT",-2,2.80421052631579,2.13614,31.6911764705882,0.031554524361949,"Nano-QuIC",TRUE
"B-167","RAMALT",-2,6.1932059447983,2.22222266666667,28.4666666666667,0.0351288056206089,"Nano-QuIC",TRUE
"B-227","RAMALT",-2,10.6961770623742,3.444668,29.75,0.0336134453781513,"Nano-QuIC",TRUE
"P",NA,-3,7.96539162112933,4.17243466666667,6.01482213438735,0.166255955314605,"Nano-QuIC",TRUE
"B-146","RAMALT",-2,8.68152866242038,2.2505308,12.8776223776224,0.0776540863426554,"Nano-QuIC",TRUE
"1945","RAMALT",-2,11.0297619047619,4.1111112,12.6648550724638,0.078958661135746,"Nano-QuIC",TRUE
"B-112","RAMALT",-2,4.7112676056338,2.28482,23.7222222222222,0.0421545667447307,"Nano-QuIC",TRUE
"B-121","RAMALT",-2,9.3172268907563,2.15406133333333,26.375,0.037914691943128,"Nano-QuIC",TRUE
"B-166","RAMALT",-2,8.55489021956088,2.62142386666667,23.75,0.0421052631578947,"Nano-QuIC",TRUE
"1901","RAMALT",-2,2.76869158878505,2.186916,24.4166666666667,0.0409556313993174,"Nano-QuIC",TRUE
"1941","RAMALT",-2,11.2027334851936,3.3591496,17.301724137931,0.0577977080219233,"Nano-QuIC",TRUE
"1944","RAMALT",-2,12.3489278752437,2.2664068,17.0735294117647,0.0585701981050818,"Nano-QuIC",TRUE
"Y-18","RAMALT",-2,2.76595744680851,2.102128,30.7142857142857,0.0325581395348837,"Nano-QuIC",TRUE
"B-167","RAMALT",-2,3.01918976545842,2.228856,28.55,0.0350262697022767,"Nano-QuIC",TRUE
"B-227","RAMALT",-2,10.5975855130785,2.91079813333333,30.9021739130435,0.0323601829053816,"Nano-QuIC",TRUE
"P",NA,-3,9.94444444444444,4.46990733333333,6.38134328358209,0.156706817916033,"Nano-QuIC",TRUE
"B-146","RAMALT",-2,9.08067940552017,2.2477,11.5107142857143,0.0868755817561278,"Nano-QuIC",TRUE
"1945","RAMALT",-2,10.9372549019608,3.87973853333333,15.1438679245283,0.066033328142034,"Nano-QuIC",TRUE
"B-112","RAMALT",-2,2.7129840546697,2.15945333333333,26.4210526315789,0.0378486055776892,"Nano-QuIC",TRUE
"B-121","RAMALT",-2,3.15843621399177,2.10150933333333,30.15625,0.033160621761658,"Nano-QuIC",TRUE
"B-166","RAMALT",-2,14.7326530612245,2.9959184,15.9402173913043,0.0627344016365496,"Nano-QuIC",TRUE
"1901","RAMALT",-2,2.71428571428571,2.059524,28.3214285714286,0.0353089533417402,"Nano-QuIC",TRUE
"1941","RAMALT",-2,10.5864485981308,2.19626133333333,20.7,0.0483091787439614,"Nano-QuIC",TRUE
"1944","RAMALT",-2,12.636546184739,2.95850066666667,15.1401515151515,0.0660495371528646,"Nano-QuIC",TRUE
"Y-18","RAMALT",-2,6.83651804670913,2.01273866666667,20.468085106383,0.0488565488565489,"Nano-QuIC",TRUE
"B-167","RAMALT",-2,5.07838983050847,2.14971733333333,29.0625,0.0344086021505376,"Nano-QuIC",TRUE
"B-227","RAMALT",-2,10.6770833333333,2.39722226666667,29.25,0.0341880341880342,"Nano-QuIC",TRUE
"N",NA,-3,2.36245353159851,1.682776,20.4679487179487,0.048856874412778,"Nano-QuIC",TRUE
"B-146","RAMALT",-3,11.4358452138493,3.63068573333333,6.59698275862069,0.151584449526299,"Nano-QuIC",TRUE
"1945","RAMALT",-3,12.6851851851852,4.340192,7.13322368421053,0.140189070786258,"Nano-QuIC",TRUE
"B-112","RAMALT",-3,10.4326530612245,3.94557813333333,10.2757731958763,0.0973162779031854,"Nano-QuIC",TRUE
"B-121","RAMALT",-3,10.2326043737575,4.14314106666667,9.34468085106383,0.107012750455373,"Nano-QuIC",TRUE
"B-166","RAMALT",-3,10.0868725868726,3.74774773333333,8.47183098591549,0.118038237738986,"Nano-QuIC",TRUE
"1901","RAMALT",-3,11.155737704918,3.77049173333333,8.32014388489209,0.120190229139645,"Nano-QuIC",TRUE
"1941","RAMALT",-3,10.1265060240964,3.77242306666667,9.24462365591398,0.108170979936028,"Nano-QuIC",TRUE
"1944","RAMALT",-3,10.3346228239845,4.10058026666667,7.61702127659574,0.131284916201117,"Nano-QuIC",TRUE
"Y-18","RAMALT",-3,10.3478260869565,3.541502,9.4076354679803,0.106296635685299,"Nano-QuIC",TRUE
"B-167","RAMALT",-3,10.5373737373737,4.15892253333333,10.0260416666667,0.0997402597402597,"Nano-QuIC",TRUE
"B-227","RAMALT",-3,2.95744680851064,1.58607333333333,19.5,0.0512820512820513,"Nano-QuIC",TRUE
"N",NA,-3,2.40566037735849,1.421384,18.5263157894737,0.0539772727272727,"Nano-QuIC",TRUE
"B-146","RAMALT",-3,13.9166666666667,4.53658533333333,8.58699324324324,0.116455198190223,"Nano-QuIC",TRUE
"1945","RAMALT",-3,10.4163346613546,3.95750333333333,8.35405405405405,0.119702361695244,"Nano-QuIC",TRUE
"B-112","RAMALT",-3,10.8181818181818,4.7488216,7.88526912181303,0.126818753368062,"Nano-QuIC",TRUE
"B-121","RAMALT",-3,10.0153256704981,3.4048532,10.3939075630252,0.0962102071753411,"Nano-QuIC",TRUE
"B-166","RAMALT",-3,10.9009900990099,4.24554453333333,8.46621621621622,0.118116520351157,"Nano-QuIC",TRUE
"1901","RAMALT",-3,9.78793774319066,4.3346304,9.62755102040816,0.10386857445681,"Nano-QuIC",TRUE
"1941","RAMALT",-3,10.4880952380952,4.02910053333333,9.09788732394366,0.109915628144593,"Nano-QuIC",TRUE
"1944","RAMALT",-3,9.72075471698113,3.93962266666667,9.08333333333333,0.110091743119266,"Nano-QuIC",TRUE
"Y-18","RAMALT",-3,10.5108055009823,4.2226588,9.98201438848921,0.10018018018018,"Nano-QuIC",TRUE
"B-167","RAMALT",-3,9.35037878787879,4.27525253333333,10.2689473684211,0.0973809645840808,"Nano-QuIC",TRUE
"B-227","RAMALT",-3,2.74468085106383,1.56802,21.7954545454545,0.045881126173097,"Nano-QuIC",TRUE
"N",NA,-3,2.30313588850174,1.52380933333333,22.9711538461538,0.0435328589367936,"Nano-QuIC",TRUE
"B-146","RAMALT",-3,10.8225806451613,4.76075266666667,8.87244897959184,0.112708453133985,"Nano-QuIC",TRUE
"1945","RAMALT",-3,11.0208333333333,4.33611106666667,9.30034324942792,0.107522913206619,"Nano-QuIC",TRUE
"B-112","RAMALT",-3,11.9292929292929,4.91582493333333,9.66382978723404,0.103478643769265,"Nano-QuIC",TRUE
"B-121","RAMALT",-3,11.6127167630058,3.92292866666667,9.21929824561403,0.108468125594672,"Nano-QuIC",TRUE
"B-166","RAMALT",-3,10.4285714285714,4.23166026666667,9.1875,0.108843537414966,"Nano-QuIC",TRUE
"1901","RAMALT",-3,11.580121703854,4.96822186666667,9.57802547770701,0.104405652535328,"Nano-QuIC",TRUE
"1941","RAMALT",-3,10.6838966202783,4.57521533333333,9.26776649746193,0.107900862659181,"Nano-QuIC",TRUE
"1944","RAMALT",-3,10.8615384615385,4.63589746666667,7.88475177304965,0.126827074432201,"Nano-QuIC",TRUE
"Y-18","RAMALT",-3,9.93675889328063,4.18181826666667,9.9537037037037,0.10046511627907,"Nano-QuIC",TRUE
"B-167","RAMALT",-3,9.32748538011696,3.80766733333333,10.3031358885017,0.0970578288806223,"Nano-QuIC",TRUE
"B-227","RAMALT",-3,2.89147286821705,1.47545186666667,19.8870967741935,0.0502838605028386,"Nano-QuIC",TRUE
"N",NA,-3,2.20277296360485,1.374928,25.0576923076923,0.0399079048349962,"Nano-QuIC",TRUE
"B-146","RAMALT",-3,11.1124744376278,4.71710973333333,9.29173693086003,0.107622504537205,"Nano-QuIC",TRUE
"1945","RAMALT",-3,11.2337398373984,3.8807588,9.82375,0.10179412138949,"Nano-QuIC",TRUE
"B-112","RAMALT",-3,11.5501022494888,4.275392,9.40811965811966,0.106291165114695,"Nano-QuIC",TRUE
"B-121","RAMALT",-3,8.75,3.94010413333333,10.843487394958,0.0922212535115761,"Nano-QuIC",TRUE
"B-166","RAMALT",-3,11.35625,4.3944444,8.14398734177215,0.122789974742569,"Nano-QuIC",TRUE
"1901","RAMALT",-3,11.0843373493976,3.69210173333333,10.3247422680412,0.0968547179231153,"Nano-QuIC",TRUE
"1941","RAMALT",-3,9.60588235294118,3.66274506666667,9.33176943699732,0.107160813043166,"Nano-QuIC",TRUE
"1944","RAMALT",-3,10.1581027667984,4.44795786666667,8.43274111675127,0.118585402558315,"Nano-QuIC",TRUE
"Y-18","RAMALT",-3,10.088,4.33866666666667,8.54967602591793,0.116963496273841,"Nano-QuIC",TRUE
"B-167","RAMALT",-3,9.85992217898833,4.4020752,10.8089028776978,0.092516327634261,"Nano-QuIC",TRUE
"B-227","RAMALT",-3,2.83111954459203,1.356104,19.9510869565217,0.0501225824026151,"Nano-QuIC",TRUE
"P",NA,-3,9.32428765264586,4.3744912,7.83136482939633,0.127691663175534,"Nano-QuIC",TRUE
"1904","RAMALT",-2,9.17310443490701,2.67048173333333,21.5363321799308,0.0464331619537275,"Nano-QuIC",TRUE
"1943","RAMALT",-2,3,2.26157466666667,26.1833333333333,0.0381922342457034,"Nano-QuIC",TRUE
"O-39","RAMALT",-2,10.0685805422648,3.57044133333333,8.95911949685535,0.111618111618112,"Nano-QuIC",TRUE
"1942","RPLN",-2,12.5230125523013,4.1450488,13.5123626373626,0.0740063027345736,"Nano-QuIC",TRUE
"B-146","RPLN",-2,9.1830985915493,2.6937924,14.235119047619,0.0702487978256325,"Nano-QuIC",TRUE
"1945","RPLN",-2,9.70412517780939,3.27358933333333,9.42592592592593,0.106090373280943,"Nano-QuIC",TRUE
"B-112","RPLN",-2,8.82743362831858,3.6637168,12.3308510638298,0.0810974031576223,"Nano-QuIC",TRUE
"B-121","RPLN",-2,8.64234620886981,3.79971386666667,13.5755813953488,0.073661670235546,"Nano-QuIC",TRUE
"B-166","RPLN",-2,16.3391053391053,13.0639730666667,11.0627272727273,0.0903936231407675,"Nano-QuIC",TRUE
"1901","RPLN",-2,10.5474006116208,4.7135576,10.7942307692308,0.0926420808836629,"Nano-QuIC",TRUE
"1941","RPLN",-2,10.2212389380531,3.6361848,10.9435483870968,0.0913780397936625,"Nano-QuIC",TRUE
"P",NA,-3,9.13854595336077,3.59579333333333,8.38291666666667,0.119290223172126,"Nano-QuIC",TRUE
"1904","RAMALT",-2,8.24011299435028,2.51224106666667,12.5804195804196,0.0794886047804336,"Nano-QuIC",TRUE
"1943","RAMALT",-2,2.84364261168385,2.490264,25,0.04,"Nano-QuIC",TRUE
"O-39","RAMALT",-2,9.25356576862124,3.03645013333333,7.19369369369369,0.139010644959299,"Nano-QuIC",TRUE
"1942","RPLN",-2,9.08378378378378,2.4144144,8.90972222222222,0.112236944660951,"Nano-QuIC",TRUE
"B-146","RPLN",-2,8.83513097072419,1.77092933333333,15.3467741935484,0.0651602732527588,"Nano-QuIC",TRUE
"1945","RPLN",-2,9.93892045454546,4.8257576,8.7734375,0.113980409617097,"Nano-QuIC",TRUE
"B-112","RPLN",-2,8.94176136363636,4.46780306666667,10.8266369047619,0.092364785925366,"Nano-QuIC",TRUE
"B-121","RPLN",-2,12.2605729877217,6.89586186666667,11.3864864864865,0.0878234037502967,"Nano-QuIC",TRUE
"B-166","RPLN",-2,14.7635605006954,13.9304589333333,9.43,0.106044538706257,"Nano-QuIC",TRUE
"1901","RPLN",-2,6.23988439306358,1.626204,18.1203703703704,0.055186509964231,"Nano-QuIC",TRUE
"1941","RPLN",-2,6.27809798270893,2.27281466666667,9.35928143712575,0.106845809341011,"Nano-QuIC",TRUE
"P",NA,-3,8.83510638297872,3.49113466666667,8.00229357798165,0.124964173115506,"Nano-QuIC",TRUE
"1904","RAMALT",-2,7.90987124463519,2.1592752,22.6071428571429,0.0442338072669826,"Nano-QuIC",TRUE
"1943","RAMALT",-2,2.76470588235294,2.42214533333333,24,0.0416666666666667,"Nano-QuIC",TRUE
"O-39","RAMALT",-2,9.4258064516129,4.01075266666667,8.80080213903743,0.11362600638007,"Nano-QuIC",TRUE
"1942","RPLN",-2,7.32863187588152,1.66807733333333,12.7172619047619,0.0786332787268898,"Nano-QuIC",TRUE
"B-146","RPLN",-2,10.5911251980983,2.26307453333333,12.9266304347826,0.077359680470885,"Nano-QuIC",TRUE
"1945","RPLN",-2,8.73033707865168,4.45505626666667,9.78510638297872,0.10219612959339,"Nano-QuIC",TRUE
"B-112","RPLN",-2,11.1085164835165,7.57142853333333,9.19213973799127,0.108788598574822,"Nano-QuIC",TRUE
"B-121","RPLN",-2,12.8290013679891,7.5585956,10.3284050179211,0.0968203704507006,"Nano-QuIC",TRUE
"B-166","RPLN",-2,16.8395061728395,16.0585277333333,7.92277070063694,0.126218470505477,"Nano-QuIC",TRUE
"1901","RPLN",-2,2.64139941690962,1.55685066666667,25.9615384615385,0.0385185185185185,"Nano-QuIC",TRUE
"1941","RPLN",-2,7.46524822695035,2.2846336,9.82818532818533,0.10174818306816,"Nano-QuIC",TRUE
"P",NA,-3,7.64238410596027,3.4860928,9.06474820143885,0.11031746031746,"Nano-QuIC",TRUE
"1904","RAMALT",-2,9.10413694721826,2.1949596,11.47,0.0871839581517001,"Nano-QuIC",TRUE
"1943","RAMALT",-2,2.78438030560272,2.43350266666667,25.4230769230769,0.0393343419062027,"Nano-QuIC",TRUE
"O-39","RAMALT",-2,9.96590909090909,3.28571426666667,10.7747524752475,0.0928095566276131,"Nano-QuIC",TRUE
"1942","RPLN",-2,8.81893004115226,1.60036533333333,6.93090452261307,0.144281312307413,"Nano-QuIC",TRUE
"B-146","RPLN",-2,5.74173228346457,1.78267733333333,23.3097826086957,0.0429004429937048,"Nano-QuIC",TRUE
"1945","RPLN",-2,8.28755364806867,4.92894613333333,9.12429378531074,0.109597523219814,"Nano-QuIC",TRUE
"B-112","RPLN",-2,12.1073446327684,8.39359693333333,9.21955719557196,0.108465079047428,"Nano-QuIC",TRUE
"B-121","RPLN",-2,5.40326975476839,1.55676666666667,11.2676056338028,0.08875,"Nano-QuIC",TRUE
"B-166","RPLN",-2,10.0720108695652,7.17028986666667,8.25238853503185,0.121177038109021,"Nano-QuIC",TRUE
"1901","RPLN",-2,8.13276836158192,1.86817333333333,25.7403846153846,0.038849458348898,"Nano-QuIC",TRUE
"1941","RPLN",-2,7.20341394025605,2.50924613333333,9.14915254237288,0.109299740644683,"Nano-QuIC",TRUE
"N",NA,-3,2.27080394922426,1.44992933333333,22.9909090909091,0.0434954527481218,"Nano-QuIC",TRUE
"1904","RAMALT",-3,8.22857142857143,4.46716786666667,7.01824212271973,0.142485822306238,"Nano-QuIC",TRUE
"1943","RAMALT",-3,7.96987087517934,4.11860346666667,8.06346749226006,0.12401612593588,"Nano-QuIC",TRUE
"O-39","RAMALT",-3,10.6432748538012,3.69980506666667,7.57364341085271,0.132036847492323,"Nano-QuIC",TRUE
"1942","RPLN",-3,9.17806267806268,2.91737893333333,8.21764705882353,0.121689334287759,"Nano-QuIC",TRUE
"B-146","RPLN",-3,11.0936599423631,3.15081653333333,8.84760705289673,0.113024911032028,"Nano-QuIC",TRUE
"1945","RPLN",-3,7.58561151079137,3.43213426666667,8.6836917562724,0.115158394386544,"Nano-QuIC",TRUE
"B-112","RPLN",-3,9.58414464534075,3.60500693333333,8.75,0.114285714285714,"Nano-QuIC",TRUE
"B-121","RPLN",-3,7.13559322033898,3.06214693333333,9.8823155216285,0.101190859349855,"Nano-QuIC",TRUE
"B-166","RPLN",-3,7.31930333817126,3.1233672,10.0787401574803,0.09921875,"Nano-QuIC",TRUE
"1901","RPLN",-3,9.5606936416185,2.6512524,13.4621710526316,0.074282223579719,"Nano-QuIC",TRUE
"1941","RPLN",-3,10.4353640416048,3.71669133333333,8.24183673469388,0.121332177788783,"Nano-QuIC",TRUE
"N",NA,-3,2.09907529722589,1.204756,32.09,0.0311623558741041,"Nano-QuIC",TRUE
"1904","RAMALT",-3,11.4,3.76140346666667,7.59375,0.131687242798354,"Nano-QuIC",TRUE
"1943","RAMALT",-3,10.0786026200873,3.62348373333333,8.91688481675393,0.112146788990826,"Nano-QuIC",TRUE
"O-39","RAMALT",-3,9.30070921985816,2.98061466666667,8.61465324384787,0.116081282866974,"Nano-QuIC",TRUE
"1942","RPLN",-3,8.70735090152566,3.19926026666667,9.20253164556962,0.108665749656121,"Nano-QuIC",TRUE
"B-146","RPLN",-3,9.24528301886792,2.97242373333333,8.91292134831461,0.112196659312953,"Nano-QuIC",TRUE
"1945","RPLN",-3,9.10422535211268,3.87793426666667,8.29245283018868,0.120591581342435,"Nano-QuIC",TRUE
"B-112","RPLN",-3,9.7266081871345,3.18713453333333,10.163680781759,0.0983895521192212,"Nano-QuIC",TRUE
"B-121","RPLN",-3,8.62690707350901,3.08090613333333,10.3205,0.0968945303037644,"Nano-QuIC",TRUE
"B-166","RPLN",-3,11.2225519287834,3.57270026666667,8.76614987080103,0.114075165806927,"Nano-QuIC",TRUE
"1901","RPLN",-3,9.19726858877086,2.79817906666667,14.287109375,0.0699931647300068,"Nano-QuIC",TRUE
"1941","RPLN",-3,9.92272727272727,3.65454546666667,8.26904761904762,0.12093291102793,"Nano-QuIC",TRUE
"N",NA,-3,2.24631860776439,1.370816,26.84375,0.0372526193247963,"Nano-QuIC",TRUE
"1904","RAMALT",-3,10.040520984081,3.16256626666667,8.67587601078167,0.11526213592233,"Nano-QuIC",TRUE
"1943","RAMALT",-3,9.67168262653899,3.90697666666667,8.76953125,0.114031180400891,"Nano-QuIC",TRUE
"O-39","RAMALT",-3,9.1742209631728,3.99811133333333,7.82167832167832,0.127849798837729,"Nano-QuIC",TRUE
"1942","RPLN",-3,9.61171662125341,3.85104453333333,8.45436507936508,0.118282093405304,"Nano-QuIC",TRUE
"B-146","RPLN",-3,9.55397727272727,3.29545453333333,9.67857142857143,0.103321033210332,"Nano-QuIC",TRUE
"1945","RPLN",-3,9.3958904109589,3.3242008,8.46266233766234,0.118166123153654,"Nano-QuIC",TRUE
"B-112","RPLN",-3,9.26008344923505,3.02828,9.21788990825688,0.108484697685992,"Nano-QuIC",TRUE
"B-121","RPLN",-3,9.18194842406877,3.3600764,10.8650234741784,0.0920384573836016,"Nano-QuIC",TRUE
"B-166","RPLN",-3,7.45353675450763,3.38418866666667,9.46581769436997,0.105643276924166,"Nano-QuIC",TRUE
"1901","RPLN",-3,9.74135338345865,3.16791973333333,12.8348540145985,0.0779128456671643,"Nano-QuIC",TRUE
"1941","RPLN",-3,9.85542168674699,3.08835346666667,7.79582366589327,0.12827380952381,"Nano-QuIC",TRUE
"N",NA,-3,2.16216216216216,1.17889333333333,30.9814814814815,0.0322773460848775,"Nano-QuIC",TRUE
"1904","RAMALT",-3,8.44744318181818,4.1723484,7.9051948051948,0.126499096435025,"Nano-QuIC",TRUE
"1943","RAMALT",-3,9.93880389429764,4.0853036,9.35619469026549,0.106881059352093,"Nano-QuIC",TRUE
"O-39","RAMALT",-3,9.65116279069767,3.5968992,8.62735849056604,0.115910333515582,"Nano-QuIC",TRUE
"1942","RPLN",-3,9.69390581717452,3.78024013333333,8.61316397228637,0.11610135406891,"Nano-QuIC",TRUE
"B-146","RPLN",-3,8.16571428571429,3.09142853333333,11.186,0.0893974611121044,"Nano-QuIC",TRUE
"1945","RPLN",-3,9.43342776203966,2.89707266666667,9.27114427860696,0.107861550845184,"Nano-QuIC",TRUE
"B-112","RPLN",-3,9.18207681365576,3.33807493333333,10.1478758169935,0.0985427904355527,"Nano-QuIC",TRUE
"B-121","RPLN",-3,9.09708737864078,2.78687,10.6369778869779,0.0940116648380204,"Nano-QuIC",TRUE
"B-166","RPLN",-3,9.57879656160458,3.68290346666667,8.99080267558528,0.11122477448154,"Nano-QuIC",TRUE
"1901","RPLN",-3,9.74480712166172,3.43026706666667,13.5265486725664,0.0739286882564606,"Nano-QuIC",TRUE
"1941","RPLN",-3,9.82258064516129,4.21114373333333,9.01421800947867,0.110935856992639,"Nano-QuIC",TRUE
"P",NA,-3,10.6103500761035,4.04464733333333,7.29478609625668,0.137084211490882,"Nano-QuIC",TRUE
"1944","RPLN",-2,13.7021276595745,3.9672668,13.0101156069364,0.0768632677996223,"Nano-QuIC",TRUE
"Y-18","RPLN",-2,8.4789644012945,2.07767,16.788,0.0595663569216107,"Nano-QuIC",TRUE
"1905","RPLN",-2,12.2290322580645,3.65806453333333,12.5173841059603,0.0798888962370214,"Nano-QuIC",TRUE
"B-167","RPLN",-2,11.9424920127796,3.1650692,17.0068493150685,0.0587998389045509,"Nano-QuIC",TRUE
"B-227","RPLN",-2,9.11327433628319,2.83421826666667,21.375,0.0467836257309941,"Nano-QuIC",TRUE
"1904","RPLN",-2,11.5314091680815,2.10073573333333,12.625,0.0792079207920792,"Nano-QuIC",TRUE
"1943","RPLN",-2,8.36594202898551,1.57729466666667,10.9274193548387,0.0915129151291513,"Nano-QuIC",TRUE
"O-39","RPLN",-2,12.4651600753296,5.45637173333333,9.46969696969697,0.1056,"Nano-QuIC",TRUE
"P",NA,-3,7.6671490593343,3.577424,7.4569209039548,0.13410360829624,"Nano-QuIC",TRUE
"1944","RPLN",-2,12.46875,3.65873026666667,12.1037946428571,0.0826187183033656,"Nano-QuIC",TRUE
"Y-18","RPLN",-2,15.6588419405321,4.9660928,14.9737762237762,0.0667834208990076,"Nano-QuIC",TRUE
"1905","RPLN",-2,11.0695915279879,3.80231973333333,11.7660349854227,0.0849903983150592,"Nano-QuIC",TRUE
"B-167","RPLN",-2,11.672,3.14666666666667,14.7197802197802,0.0679357969391564,"Nano-QuIC",TRUE
"B-227","RPLN",-2,8.65641025641026,1.56125333333333,22.75,0.043956043956044,"Nano-QuIC",TRUE
"1904","RPLN",-2,9.81512605042017,1.81960786666667,10.5045454545455,0.0951968844655993,"Nano-QuIC",TRUE
"1943","RPLN",-2,2.73392857142857,1.65476133333333,29.125,0.0343347639484979,"Nano-QuIC",TRUE
"O-39","RPLN",-2,12.8589285714286,4.9,9.40789473684211,0.106293706293706,"Nano-QuIC",TRUE
"P",NA,-3,9.57327586206897,3.67816093333333,8.1827731092437,0.122207958921694,"Nano-QuIC",TRUE
"1944","RPLN",-2,13.1263823064771,3.8272776,10.7311643835616,0.093186532631243,"Nano-QuIC",TRUE
"Y-18","RPLN",-2,2.89540412044374,2.19545733333333,27.6458333333333,0.0361718161266014,"Nano-QuIC",TRUE
"1905","RPLN",-2,10.6421875,4.02708333333333,11.2891949152542,0.0885802758750117,"Nano-QuIC",TRUE
"B-167","RPLN",-2,11.6037151702786,3.1083592,13.9469178082192,0.0717004297114794,"Nano-QuIC",TRUE
"B-227","RPLN",-2,8.46017699115044,1.70383466666667,21.2934782608696,0.0469627360898418,"Nano-QuIC",TRUE
"1904","RPLN",-2,12.3791946308725,3.57494413333333,12.5746268656716,0.0795252225519288,"Nano-QuIC",TRUE
"1943","RPLN",-2,2.81705150976909,1.63884,28.241935483871,0.0354083380925186,"Nano-QuIC",TRUE
"O-39","RPLN",-2,11.9032258064516,4.2437276,9.53125,0.104918032786885,"Nano-QuIC",TRUE
"P",NA,-3,8.79800853485064,3.6036036,7.81160572337043,0.128014653505648,"Nano-QuIC",TRUE
"1944","RPLN",-2,14.0330188679245,5.66666666666667,11.7989130434783,0.0847535697835099,"Nano-QuIC",TRUE
"Y-18","RPLN",-2,8.28483920367534,1.63757066666667,17.2103174603175,0.0581046806548305,"Nano-QuIC",TRUE
"1905","RPLN",-2,10.4021909233177,4.22117893333333,11.0405701754386,0.0905750322772867,"Nano-QuIC",TRUE
"B-167","RPLN",-2,11.5414110429448,2.95092026666667,15.6696428571429,0.0638176638176638,"Nano-QuIC",TRUE
"B-227","RPLN",-2,5.83219178082192,1.60958933333333,22.88,0.0437062937062937,"Nano-QuIC",TRUE
"1904","RPLN",-2,11.0565428109855,3.274098,10.1259259259259,0.0987564008778347,"Nano-QuIC",TRUE
"1943","RPLN",-2,4.06749555950266,1.612788,30.1428571428571,0.033175355450237,"Nano-QuIC",TRUE
"O-39","RPLN",-2,13.8584392014519,4.48396853333333,10.3529411764706,0.0965909090909091,"Nano-QuIC",TRUE
"N",NA,-3,2.72941176470588,1.4,23.2222222222222,0.0430622009569378,"Nano-QuIC",TRUE
"1944","RPLN",-3,8.65912762520194,3.97630586666667,6.80957446808511,0.146852054366505,"Nano-QuIC",TRUE
"Y-18","RPLN",-3,12.4710743801653,3.72672173333333,7.64326923076923,0.130834067178261,"Nano-QuIC",TRUE
"1905","RPLN",-3,12.1503267973856,3.66666666666667,5.58545454545455,0.179036458333333,"Nano-QuIC",TRUE
"B-167","RPLN",-3,9.42356687898089,4.22293,6.59758364312268,0.151570643752641,"Nano-QuIC",TRUE
"B-227","RPLN",-3,3.38512396694215,1.529476,15.7090909090909,0.0636574074074074,"Nano-QuIC",TRUE
"1904","RPLN",-3,11.5660377358491,3.73241853333333,7.42578125,0.134665965281431,"Nano-QuIC",TRUE
"1943","RPLN",-3,11.4481605351171,3.8394648,7.50679012345679,0.133212729216347,"Nano-QuIC",TRUE
"O-39","RPLN",-3,11.0442930153322,3.8841568,7.82658450704225,0.127769654707007,"Nano-QuIC",TRUE
"N",NA,-3,2.65606936416185,1.3237,19.7232142857143,0.050701674966048,"Nano-QuIC",TRUE
"1944","RPLN",-3,11.5505617977528,4.4280364,6.89832089552239,0.144962812711291,"Nano-QuIC",TRUE
"Y-18","RPLN",-3,13.0758064516129,3.07957,9.93069306930693,0.100697906281157,"Nano-QuIC",TRUE
"1905","RPLN",-3,10.0901898734177,3.95569613333333,7.1525641025641,0.139810001792436,"Nano-QuIC",TRUE
"B-167","RPLN",-3,11.4546875,3.9,8.1728624535316,0.122356151921765,"Nano-QuIC",TRUE
"B-227","RPLN",-3,3.08319738988581,1.36596,18.1764705882353,0.0550161812297735,"Nano-QuIC",TRUE
"1904","RPLN",-3,10.7651757188498,3.9233228,7.78023598820059,0.128530805687204,"Nano-QuIC",TRUE
"1943","RPLN",-3,11.7783333333333,4.0888888,8.67011278195489,0.115338753387534,"Nano-QuIC",TRUE
"O-39","RPLN",-3,9.38593481989708,4.098342,7.03846153846154,0.14207650273224,"Nano-QuIC",TRUE
"N",NA,-3,2.65676077265973,1.317484,24.1621621621622,0.0413870246085011,"Nano-QuIC",TRUE
"1944","RPLN",-3,11.1414309484193,5.31558506666667,6.60812356979405,0.151328889273656,"Nano-QuIC",TRUE
"Y-18","RPLN",-3,9.5142378559464,3.6649916,10.2648698884758,0.0974196468990493,"Nano-QuIC",TRUE
"1905","RPLN",-3,11.1551155115512,3.73817373333333,6.545,0.152788388082506,"Nano-QuIC",TRUE
"B-167","RPLN",-3,11.9486356340289,3.59764573333333,8.46230158730159,0.118171160609613,"Nano-QuIC",TRUE
"B-227","RPLN",-3,3.1227495908347,1.55155466666667,19.4928571428571,0.0513008427995603,"Nano-QuIC",TRUE
"1904","RPLN",-3,11.4189852700491,4.2073104,9.46618357487923,0.105639193671855,"Nano-QuIC",TRUE
"1943","RPLN",-3,11.6220338983051,3.89830506666667,8.54928571428571,0.11696883616008,"Nano-QuIC",TRUE
"O-39","RPLN",-3,11.6243567753002,3.93596346666667,7.00899742930591,0.142673757564643,"Nano-QuIC",TRUE
"N",NA,-3,2.58635703918723,1.17852,24.0901162790698,0.0415108000482684,"Nano-QuIC",TRUE
"1944","RPLN",-3,11.8418451400329,3.54750133333333,6.35817307692308,0.157277882797732,"Nano-QuIC",TRUE
"Y-18","RPLN",-3,12.4535073409462,3.07558453333333,8.67268041237113,0.115304606240713,"Nano-QuIC",TRUE
"1905","RPLN",-3,9.62578616352201,3.9056604,5.90508474576271,0.169345579793341,"Nano-QuIC",TRUE
"B-167","RPLN",-3,8.8125,3.3375,7.35897435897436,0.13588850174216,"Nano-QuIC",TRUE
"B-227","RPLN",-3,3.03639514731369,1.44887333333333,17.5384615384615,0.0570175438596491,"Nano-QuIC",TRUE
"1904","RPLN",-3,12.2088815789474,3.94517546666667,7.0875,0.141093474426808,"Nano-QuIC",TRUE
"1943","RPLN",-3,11.8773747841105,4.16119746666667,8.99031007751938,0.111230868721707,"Nano-QuIC",TRUE
"O-39","RPLN",-3,12.4141592920354,4.278466,7.8459595959596,0.127454135822337,"Nano-QuIC",TRUE
"P",NA,-3,7.70065789473684,3.7017544,10.5381040892193,0.0948937296057853,"RT-QuIC",TRUE
"O-39","OBEX",-3,19.7006802721088,9.14739226666667,5.81306306306306,0.172026346377373,"RT-QuIC",TRUE
"1904","OBEX",-3,1.04230769230769,0.564102666666667,72,0.0138888888888889,"RT-QuIC",FALSE
"1944","OBEX",-3,13.1840277777778,5.22222226666667,17.219512195122,0.0580736543909348,"RT-QuIC",TRUE
"Y-18","OBEX",-3,23.2682926829268,10.6434378666667,17.5243902439024,0.0570633263743911,"RT-QuIC",TRUE
"B-167","OBEX",-3,18.7748344370861,10.5253864,9.99734042553191,0.100026602819899,"RT-QuIC",TRUE
"B-112","OBEX",-3,1.04074074074074,0.612345466666667,72,0.0138888888888889,"RT-QuIC",FALSE
"1942","OBEX",-3,1.0532319391635,0.608365333333333,72,0.0138888888888889,"RT-QuIC",FALSE
"B-227","OBEX",-3,1.08333333333333,0.613756,72,0.0138888888888889,"RT-QuIC",FALSE
"1901","OBEX",-3,1.04072398190045,0.4947212,72,0.0138888888888889,"RT-QuIC",FALSE
"1945","OBEX",-3,11.0547945205479,7.05479453333333,11.520202020202,0.0868040333187199,"RT-QuIC",TRUE
"B-166","OBEX",-3,28.6266233766234,23.6753246666667,5.92987804878049,0.168637532133676,"RT-QuIC",TRUE
"P",NA,-3,10.0806451612903,5.81075266666667,7.4510582010582,0.134209124800284,"RT-QuIC",TRUE
"O-39","OBEX",-3,15.2385620915033,7.07189533333333,4.00382262996942,0.249761313729234,"RT-QuIC",TRUE
"1904","OBEX",-3,1.08301886792453,0.7597488,72,0.0138888888888889,"RT-QuIC",FALSE
"1944","OBEX",-3,13.0594795539033,9.39281293333333,14.4342105263158,0.0692798541476755,"RT-QuIC",TRUE
"Y-18","OBEX",-3,32.0300751879699,21.0626566666667,12.6625,0.0789733464955577,"RT-QuIC",TRUE
"B-167","OBEX",-3,24.9967741935484,19.6129032,5.00381679389313,0.199847444698703,"RT-QuIC",TRUE
"B-112","OBEX",-3,1.05860805860806,0.742369333333333,72,0.0138888888888889,"RT-QuIC",FALSE
"1942","OBEX",-3,1.05514705882353,0.6764712,72,0.0138888888888889,"RT-QuIC",FALSE
"B-227","OBEX",-3,1.09737827715356,0.689138666666667,72,0.0138888888888889,"RT-QuIC",FALSE
"1901","OBEX",-3,1.02409638554217,0.578313466666667,72,0.0138888888888889,"RT-QuIC",FALSE
"1945","OBEX",-3,39.0192307692308,38.7478632,7.26502732240437,0.137645731477999,"RT-QuIC",TRUE
"B-166","OBEX",-3,24.8965517241379,16.4932078666667,4.07933579335793,0.245137946630484,"RT-QuIC",TRUE
"P",NA,-3,8.37575757575758,3.7131312,14.5775139664804,0.0685988023952096,"RT-QuIC",TRUE
"O-39","OBEX",-3,21.0757097791798,13.6614089333333,3.7401185770751,0.267371202113606,"RT-QuIC",TRUE
"1904","OBEX",-3,1.08518518518519,0.745678666666667,72,0.0138888888888889,"RT-QuIC",FALSE
"1944","OBEX",-3,20.7766749379653,10.6699752,12.2458333333333,0.0816604287172508,"RT-QuIC",TRUE
"Y-18","OBEX",-3,23.6078431372549,18.7058822666667,6.76392180094787,0.1478432231224,"RT-QuIC",TRUE
"B-167","OBEX",-3,33.9551282051282,27.119658,4.31190476190476,0.231916068470458,"RT-QuIC",TRUE
"B-112","OBEX",-3,1.09385113268608,0.789644,72,0.0138888888888889,"RT-QuIC",FALSE
"1942","OBEX",-3,1.04593639575972,0.711424933333333,72,0.0138888888888889,"RT-QuIC",FALSE
"B-227","OBEX",-3,1.03225806451613,0.559139866666667,72,0.0138888888888889,"RT-QuIC",FALSE
"1901","OBEX",-3,10.2931034482759,2.43678173333333,24.67,0.0405350628293474,"RT-QuIC",TRUE
"1945","OBEX",-3,32.1168831168831,25.948052,5.33928571428571,0.187290969899666,"RT-QuIC",TRUE
"B-166","OBEX",-3,30.0897435897436,23.0683761333333,4.33187772925764,0.230846774193548,"RT-QuIC",TRUE
"P",NA,-3,10.8737541528239,6.4673312,9.87837837837838,0.101231190150479,"RT-QuIC",TRUE
"O-39","OBEX",-3,17.7809187279152,10.0918728,7.01486013986014,0.142554517133956,"RT-QuIC",TRUE
"1904","OBEX",-3,1,0.500637866666667,72,0.0138888888888889,"RT-QuIC",FALSE
"1944","OBEX",-3,15.9558359621451,7.70136693333333,6.28243243243243,0.159174015917402,"RT-QuIC",TRUE
"Y-18","OBEX",-3,18.859477124183,18.3965141333333,7.35405405405405,0.135979419331128,"RT-QuIC",TRUE
"B-167","OBEX",-3,31.2987012987013,24.6969697333333,4.88020833333333,0.204909284951974,"RT-QuIC",TRUE
"B-112","OBEX",-3,1.00393700787402,0.5249348,72,0.0138888888888889,"RT-QuIC",FALSE
"1942","OBEX",-3,1.05281690140845,0.713614666666667,72,0.0138888888888889,"RT-QuIC",FALSE
"B-227","OBEX",-3,1.07169811320755,0.664150666666667,72,0.0138888888888889,"RT-QuIC",FALSE
"1901","OBEX",-3,25.948275862069,10.6091954666667,21.8958333333333,0.0456707897240723,"RT-QuIC",TRUE
"1945","OBEX",-3,35.2655737704918,30.190164,5.5570652173913,0.179951100244499,"RT-QuIC",TRUE
"B-166","OBEX",-3,34.5081967213115,30.3606557333333,5.35714285714286,0.186666666666667,"RT-QuIC",TRUE
"N",NA,-3,1.3731884057971,0.5942032,72,0.0138888888888889,"RT-QuIC",FALSE
"O-39","OBEX",-4,15.9130434782609,11.2801933333333,8.34472049689441,0.119836248604392,"RT-QuIC",TRUE
"1904","OBEX",-4,13.5714285714286,12.8904762666667,5.62878787878788,0.177658142664872,"RT-QuIC",TRUE
"1944","OBEX",-4,14.4236111111111,12.6481481333333,5.2593984962406,0.190135811293781,"RT-QuIC",TRUE
"Y-18","OBEX",-4,14.0795847750865,11.5617070666667,6.07768361581921,0.164536369974436,"RT-QuIC",TRUE
"B-167","OBEX",-4,14.4563758389262,12.4116330666667,5.8781512605042,0.17012151536812,"RT-QuIC",TRUE
"B-112","OBEX",-4,13.6840277777778,10.2731481333333,6.1875,0.161616161616162,"RT-QuIC",TRUE
"1942","OBEX",-4,13.5808580858086,10.8910890666667,4.65096618357488,0.215009088548429,"RT-QuIC",TRUE
"B-227","OBEX",-4,1.23310810810811,0.5585592,72,0.0138888888888889,"RT-QuIC",FALSE
"1901","OBEX",-4,15.573883161512,11.9908361333333,5.34246575342466,0.187179487179487,"RT-QuIC",TRUE
"1945","OBEX",-4,14.1638795986622,10.7424749333333,4.87076271186441,0.205306655067421,"RT-QuIC",TRUE
"B-166","OBEX",-4,14.5379746835443,9.8945148,5.72713414634146,0.174607399520894,"RT-QuIC",TRUE
"N",NA,-3,1.561872909699,0.566332533333333,72,0.0138888888888889,"RT-QuIC",FALSE
"O-39","OBEX",-4,14.4877192982456,9.1555556,7.61095505617978,0.1313895552685,"RT-QuIC",TRUE
"1904","OBEX",-4,13.4051446945338,10.0878885333333,5.6214953271028,0.177888611803824,"RT-QuIC",TRUE
"1944","OBEX",-4,12.35,5.88333333333333,7.746875,0.129084308188786,"RT-QuIC",TRUE
"Y-18","OBEX",-4,13.5410334346505,7.69604866666667,13.6530963302752,0.0732434589055479,"RT-QuIC",TRUE
"B-167","OBEX",-4,13.3367697594502,10.5337916,7.98239436619718,0.125275694750772,"RT-QuIC",TRUE
"B-112","OBEX",-4,13.0679611650485,8.38403453333333,5.31877729257642,0.188013136288998,"RT-QuIC",TRUE
"1942","OBEX",-4,12.2546012269939,6.9529652,5.27505446623094,0.18957150232318,"RT-QuIC",TRUE
"B-227","OBEX",-4,1.24464831804281,0.619776,72,0.0138888888888889,"RT-QuIC",FALSE
"1901","OBEX",-4,13.1198738170347,10.3554153333333,5.33333333333333,0.1875,"RT-QuIC",TRUE
"1945","OBEX",-4,14.9143835616438,11,6.64930555555556,0.150391644908616,"RT-QuIC",TRUE
"B-166","OBEX",-4,13.3047619047619,8.71534386666667,8.15892857142857,0.12256511271613,"RT-QuIC",TRUE
"N",NA,-3,1.21846153846154,0.508718266666667,72,0.0138888888888889,"RT-QuIC",FALSE
"O-39","OBEX",-4,12.483282674772,5.66970613333333,11.0250865051903,0.0907022361710475,"RT-QuIC",TRUE
"1904","OBEX",-4,14.1498257839721,13.0592334666667,5.27228412256267,0.189671113459252,"RT-QuIC",TRUE
"1944","OBEX",-4,12.3962848297214,7.26934986666667,8.11969696969697,0.123157305467438,"RT-QuIC",TRUE
"Y-18","OBEX",-4,9.95238095238095,5.20238093333333,14.0168295331162,0.071342809558852,"RT-QuIC",TRUE
"B-167","OBEX",-4,12.0371517027864,6.32817333333333,11.1634615384615,0.0895779500430663,"RT-QuIC",TRUE
"B-112","OBEX",-4,12.9563862928349,9.25856693333333,4.71933962264151,0.211894052973513,"RT-QuIC",TRUE
"1942","OBEX",-4,13.3941368078176,10.5711182666667,4.91763005780347,0.203349985307082,"RT-QuIC",TRUE
"B-227","OBEX",-4,1.27760252365931,0.6182972,72,0.0138888888888889,"RT-QuIC",FALSE
"1901","OBEX",-4,15.0069444444444,11.4861110666667,5.28179824561404,0.189329458168985,"RT-QuIC",TRUE
"1945","OBEX",-4,14.5015384615385,7.097436,7.87011173184358,0.127062999112689,"RT-QuIC",TRUE
"B-166","OBEX",-4,12.5525525525526,7.15515506666667,7.63455882352941,0.130983338148897,"RT-QuIC",TRUE
"N",NA,-3,9.96341463414634,4.93089426666667,14.485,0.0690369347600967,"RT-QuIC",TRUE
"O-39","OBEX",-4,14.3392857142857,14.1428572,8.15495867768595,0.122624778312643,"RT-QuIC",TRUE
"1904","OBEX",-4,12.258358662614,7.112462,6.70253164556962,0.149197355996223,"RT-QuIC",TRUE
"1944","OBEX",-4,12.0150602409639,7.01606426666667,8.89225352112676,0.112457432485943,"RT-QuIC",TRUE
"Y-18","OBEX",-4,15.0812720848057,12.6972909333333,7.28392330383481,0.137288650399919,"RT-QuIC",TRUE
"B-167","OBEX",-4,9.99059561128527,7.7408568,10.3828382838284,0.09631277813096,"RT-QuIC",TRUE
"B-112","OBEX",-4,12.1025641025641,8.09829066666667,7.78125,0.1285140562249,"RT-QuIC",TRUE
"1942","OBEX",-4,9.45535714285714,5.94841266666667,9.15836298932384,0.109189819312221,"RT-QuIC",TRUE
"B-227","OBEX",-4,1.22397476340694,0.479495866666667,72,0.0138888888888889,"RT-QuIC",FALSE
"1901","OBEX",-4,5.97256097560976,4.40650413333333,8.9623786407767,0.111577522004062,"RT-QuIC",TRUE
"1945","OBEX",-4,11.569696969697,6.59797986666667,9.81804733727811,0.101853246948923,"RT-QuIC",TRUE
"B-166","OBEX",-4,13.3015384615385,8.25435893333333,7.36197916666667,0.135833038556774,"RT-QuIC",TRUE
"P",NA,-3,5.97626112759644,4.34817013333333,17.6763698630137,0.0565727017339921,"RT-QuIC",TRUE
"B-121","OBEX",-3,26.2147239263804,23.8445808,9.54898648648649,0.104723155846453,"RT-QuIC",TRUE
"1943","OBEX",-3,9.90361445783133,4.73493973333333,6.81837606837607,0.146662488248198,"RT-QuIC",TRUE
"Y-16","OBEX",-3,27.7774390243902,24.195122,20.6309523809524,0.0484708597807271,"RT-QuIC",TRUE
"1941","OBEX",-3,7.98830409356725,4.96296306666667,8.92678571428571,0.112022404480896,"RT-QuIC",TRUE
"1905","OBEX",-3,1.1875,0.557017066666667,72,0.0138888888888889,"RT-QuIC",FALSE
"B-146","OBEX",-3,6.04304635761589,1.21854306666667,56.8809523809524,0.0175805776475513,"RT-QuIC",TRUE
"P",NA,-3,6.8475935828877,2.2388592,15.5661764705882,0.0642418516769013,"RT-QuIC",TRUE
"B-121","OBEX",-3,16.6823529411765,14.9333333333333,5.37704174228675,0.185975867015442,"RT-QuIC",TRUE
"1943","OBEX",-3,12.7151162790698,5,4.83127572016461,0.206984667802385,"RT-QuIC",TRUE
"Y-16","OBEX",-3,26.5901162790698,21.9263566666667,16.8215223097113,0.059447651739741,"RT-QuIC",TRUE
"1941","OBEX",-3,11.2646239554318,4.53110493333333,5.69219653179191,0.175679106372176,"RT-QuIC",TRUE
"1905","OBEX",-3,1.08823529411765,0.640522533333333,72,0.0138888888888889,"RT-QuIC",FALSE
"B-146","OBEX",-3,1.165625,0.575,72,0.0138888888888889,"RT-QuIC",FALSE
"P",NA,-3,8.08469945355191,2.81238613333333,14.8402597402597,0.0673842653364838,"RT-QuIC",TRUE
"B-121","OBEX",-3,9.3026706231454,4.71612266666667,7.85454545454545,0.127314814814815,"RT-QuIC",TRUE
"1943","OBEX",-3,11.6880222841226,4.51624893333333,4.27428571428571,0.233957219251337,"RT-QuIC",TRUE
"Y-16","OBEX",-3,10.0155763239875,4.6188992,13.1285714285714,0.0761697497279652,"RT-QuIC",TRUE
"1941","OBEX",-3,8.42816091954023,5.1417624,6.77,0.147710487444609,"RT-QuIC",TRUE
"1905","OBEX",-3,1.02866242038217,0.501061333333333,72,0.0138888888888889,"RT-QuIC",FALSE
"B-146","OBEX",-3,1.94936708860759,0.405063733333334,72,0.0138888888888889,"RT-QuIC",FALSE
"P",NA,-3,7.39166666666667,2.57407413333333,17.007874015748,0.0587962962962963,"RT-QuIC",TRUE
"B-121","OBEX",-3,15.5766016713092,4.32311973333333,4.67276422764228,0.214006089604176,"RT-QuIC",TRUE
"1943","OBEX",-3,15.5195530726257,4.5623836,4.03163265306122,0.248038471273095,"RT-QuIC",TRUE
"Y-16","OBEX",-3,12.3405572755418,5.28792573333333,15.546783625731,0.0643219860823773,"RT-QuIC",TRUE
"1941","OBEX",-3,9.19137466307278,6.76010786666667,4.1487414187643,0.24103695532267,"RT-QuIC",TRUE
"1905","OBEX",-3,1.08433734939759,0.514056,72,0.0138888888888889,"RT-QuIC",FALSE
"B-146","OBEX",-3,2.83229813664596,0.7536232,70.7039473684211,0.0141434819019261,"RT-QuIC",TRUE
"N",NA,-3,1.18348623853211,0.493374133333333,72,0.0138888888888889,"RT-QuIC",FALSE
"B-121","OBEX",-4,10.8450292397661,5.75828453333333,11.3755060728745,0.0879081768840644,"RT-QuIC",TRUE
"1943","OBEX",-4,9.22922636103152,5.5510984,9.78823529411765,0.102163461538462,"RT-QuIC",TRUE
"Y-16","OBEX",-4,12.4707602339181,6.11306053333333,6.75,0.148148148148148,"RT-QuIC",TRUE
"1941","OBEX",-4,11.0623145400593,5.31355093333333,5.42786561264822,0.184234480247588,"RT-QuIC",TRUE
"1905","OBEX",-4,10.7926136363636,5.6022728,6.01857429718875,0.166152306280757,"RT-QuIC",TRUE
"B-146","OBEX",-4,9.27397260273973,7.04657533333333,7.09507042253521,0.140942928039702,"RT-QuIC",TRUE
"N",NA,-3,1.54802259887006,0.5762712,72,0.0138888888888889,"RT-QuIC",FALSE
"B-121","OBEX",-4,9.30225988700565,6.39924666666667,11.6953551912568,0.0855040299030487,"RT-QuIC",TRUE
"1943","OBEX",-4,11.0868347338936,5.3221288,7.67564102564103,0.130282278269584,"RT-QuIC",TRUE
"Y-16","OBEX",-4,8.08616187989556,3.48128813333333,16.5916666666667,0.060271220492215,"RT-QuIC",TRUE
"1941","OBEX",-4,8.11764705882353,4.90196066666667,7.28802816901408,0.137211324765678,"RT-QuIC",TRUE
"1905","OBEX",-4,9.90489130434783,5.81521733333333,9.71640316205534,0.102918743008238,"RT-QuIC",TRUE
"B-146","OBEX",-4,9.2171581769437,4.28954426666667,6.10760517799353,0.163730295403365,"RT-QuIC",TRUE
"N",NA,-3,1.3399433427762,0.426818133333333,72,0.0138888888888889,"RT-QuIC",FALSE
"B-121","OBEX",-4,9.60504201680672,4.30999066666667,11.0683962264151,0.0903473258043895,"RT-QuIC",TRUE
"1943","OBEX",-4,8.54189944134078,5.23277466666667,7.39982578397213,0.135138316656857,"RT-QuIC",TRUE
"Y-16","OBEX",-4,7.3800539083558,3.6477988,22.4723320158103,0.0444991645413772,"RT-QuIC",TRUE
"1941","OBEX",-4,8.74545454545455,4.8138528,6.91231343283582,0.144669365721997,"RT-QuIC",TRUE
"1905","OBEX",-4,9.36340206185567,4.2680412,7.87431318681319,0.126995202791103,"RT-QuIC",TRUE
"B-146","OBEX",-4,9.15816326530612,3.6122448,7.80673758865248,0.128094481035658,"RT-QuIC",TRUE
"N",NA,-3,1.49262536873156,0.409046266666667,72,0.0138888888888889,"RT-QuIC",FALSE
"B-121","OBEX",-4,10.702479338843,5.9651056,10.0741626794258,0.0992638328188079,"RT-QuIC",TRUE
"1943","OBEX",-4,9.89970501474926,5.6873156,6.79166666666667,0.147239263803681,"RT-QuIC",TRUE
"Y-16","OBEX",-4,5.40909090909091,2.01893946666667,24.5847457627119,0.0406756290934161,"RT-QuIC",TRUE
"1941","OBEX",-4,11.9943502824859,5.40866293333333,9.05725190839695,0.110408765276022,"RT-QuIC",TRUE
"1905","OBEX",-4,9.97520661157025,5.7006428,9.79238921001927,0.102120123960844,"RT-QuIC",TRUE
"B-146","OBEX",-4,10.1342465753425,4.78904106666667,6.07981220657277,0.164478764478764,"RT-QuIC",TRUE
"P",NA,-3,10.0666666666667,5.57777773333333,8.83720930232558,0.113157894736842,"Nano-QuIC",TRUE
"O-39","OBEX",-3,12.390977443609,5.88137013333333,6.77917414721724,0.147510593220339,"Nano-QuIC",TRUE
"1904","OBEX",-3,9.47848101265823,3.04135026666667,7.99236641221374,0.125119388729704,"Nano-QuIC",TRUE
"1944","OBEX",-3,7.85888077858881,4.64557986666667,7.35489510489511,0.135963869740908,"Nano-QuIC",TRUE
"Y-18","OBEX",-3,16.8166259168704,9.1409944,7.96381578947368,0.125567947129285,"Nano-QuIC",TRUE
"B-167","OBEX",-3,10.7941176470588,5.6535948,6.06908831908832,0.164769393263701,"Nano-QuIC",TRUE
"B-112","OBEX",-3,14.2609756097561,11.1772357333333,8.48706896551724,0.117826307770442,"Nano-QuIC",TRUE
"1942","OBEX",-3,7.81034482758621,3.10016426666667,6.82462686567164,0.146528157463095,"Nano-QuIC",TRUE
"B-227","OBEX",-3,2.38211382113821,0.946702666666667,19.1388888888889,0.0522496371552975,"Nano-QuIC",TRUE
"1901","OBEX",-3,9.07105263157895,3.93333333333333,6.77325581395349,0.147639484978541,"Nano-QuIC",TRUE
"1945","OBEX",-3,10.7283653846154,6.1121796,5.4422268907563,0.183748311136846,"Nano-QuIC",TRUE
"B-166","OBEX",-3,10.7283653846154,5.74038466666667,5.76121076233184,0.173574625413505,"Nano-QuIC",TRUE
"P",NA,-3,9.24137931034483,3.44827586666667,8.44587628865979,0.118400976502899,"Nano-QuIC",TRUE
"O-39","OBEX",-3,10.7872860635697,5.2811736,5.63649425287356,0.177415243436146,"Nano-QuIC",TRUE
"1904","OBEX",-3,13.0228426395939,3.7428088,9.03809523809524,0.110642781875659,"Nano-QuIC",TRUE
"1944","OBEX",-3,8.6241134751773,4.11032306666667,6.3162100456621,0.15832279052955,"Nano-QuIC",TRUE
"Y-18","OBEX",-3,15.3142857142857,6.13968253333333,6.47385620915033,0.154467440686522,"Nano-QuIC",TRUE
"B-167","OBEX",-3,10.5291375291375,4.97280493333333,5.77735368956743,0.173089627835279,"Nano-QuIC",TRUE
"B-112","OBEX",-3,9.53349282296651,2.800638,7.13671875,0.140120415982485,"Nano-QuIC",TRUE
"1942","OBEX",-3,13.7843137254902,5.4019608,6.69703389830508,0.149319835495096,"Nano-QuIC",TRUE
"B-227","OBEX",-3,4.35679611650485,0.873786666666667,26.8928571428571,0.0371845949535193,"Nano-QuIC",TRUE
"1901","OBEX",-3,9.70076726342711,3.4748508,5.25614754098361,0.190253411306043,"Nano-QuIC",TRUE
"1945","OBEX",-3,9.16067146282974,3.70263786666667,5.11557788944724,0.195481335952849,"Nano-QuIC",TRUE
"B-166","OBEX",-3,10.2860635696822,6.90138546666667,4.8582554517134,0.205835203590895,"Nano-QuIC",TRUE
"P",NA,-3,10.1026252983294,3.91089893333333,7.74273255813953,0.129153369626431,"Nano-QuIC",TRUE
"O-39","OBEX",-3,13.4575471698113,6.27358493333333,5.70703125,0.175222450376454,"Nano-QuIC",TRUE
"1904","OBEX",-3,10.9238095238095,2.70793653333333,6.70564516129032,0.149128081779916,"Nano-QuIC",TRUE
"1944","OBEX",-3,9.30731707317073,3.42764226666667,6.03395061728395,0.165728900255754,"Nano-QuIC",TRUE
"Y-18","OBEX",-3,7.38850574712644,3.71187733333333,6.49576271186441,0.153946510110894,"Nano-QuIC",TRUE
"B-167","OBEX",-3,9.4055944055944,4.3822844,5.29518072289157,0.188850967007964,"Nano-QuIC",TRUE
"B-112","OBEX",-3,7.72010178117048,2.57845626666667,10.2350746268657,0.0977032446226759,"Nano-QuIC",TRUE
"1942","OBEX",-3,9.29854368932039,4.41423946666667,6.48538011695906,0.15419296663661,"Nano-QuIC",TRUE
"B-227","OBEX",-3,5.04591836734694,1.0170068,21.1944444444444,0.0471821756225426,"Nano-QuIC",TRUE
"1901","OBEX",-3,7.09923664122137,2.9177268,5.03922872340426,0.198443066367595,"Nano-QuIC",TRUE
"1945","OBEX",-3,9.69859813084112,3.6573208,4.97177419354839,0.201135442011354,"Nano-QuIC",TRUE
"B-166","OBEX",-3,11.0647482014388,5.51239,5.62317073170732,0.177835610496638,"Nano-QuIC",TRUE
"P",NA,-3,9.62325581395349,4.3503876,8.375,0.119402985074627,"Nano-QuIC",TRUE
"O-39","OBEX",-3,10.3695150115473,5.6505004,5.53062157221207,0.180811503181555,"Nano-QuIC",TRUE
"1904","OBEX",-3,9.50120481927711,3.02329306666667,6.1890756302521,0.161575016972166,"Nano-QuIC",TRUE
"1944","OBEX",-3,7.18978102189781,3.23438773333333,5.8502358490566,0.17093327958073,"Nano-QuIC",TRUE
"Y-18","OBEX",-3,14.1990632318501,10.9945354666667,7.71062992125984,0.12969109011999,"Nano-QuIC",TRUE
"B-167","OBEX",-3,11.8220140515222,5.9547228,5.79605263157895,0.172531214528944,"Nano-QuIC",TRUE
"B-112","OBEX",-3,9.91666666666667,4.7238096,7.12419871794872,0.140366662917557,"Nano-QuIC",TRUE
"1942","OBEX",-3,7.14352941176471,2.85803933333333,5.74864864864865,0.173953925716972,"Nano-QuIC",TRUE
"B-227","OBEX",-3,6.15328467153285,1.1678832,26.1666666666667,0.0382165605095541,"Nano-QuIC",TRUE
"1901","OBEX",-3,6.4,2.64615386666667,6.82328990228013,0.14655686836138,"Nano-QuIC",TRUE
"1945","OBEX",-3,9.90238095238095,3.2507936,4.97575757575758,0.200974421437272,"Nano-QuIC",TRUE
"B-166","OBEX",-3,10.1113689095128,4.80433093333333,4.25526819923372,0.235002813731007,"Nano-QuIC",TRUE
"N",NA,-3,2.16136919315403,0.828035866666667,23.125,0.0432432432432432,"Nano-QuIC",TRUE
"O-39","OBEX",-4,11.3699284009547,5.769292,6.71016483516483,0.149027635619243,"Nano-QuIC",TRUE
"1904","OBEX",-4,12.220623501199,5.06474826666667,4.25757575757576,0.234875444839858,"Nano-QuIC",TRUE
"1944","OBEX",-4,10.9210526315789,4.46252,6.03705752212389,0.165643609711406,"Nano-QuIC",TRUE
"Y-18","OBEX",-4,8.1183574879227,3.81642506666667,9.93125,0.100692259282568,"Nano-QuIC",TRUE
"B-167","OBEX",-4,9.65566037735849,5.05345906666667,6.57904411764706,0.151997764738754,"Nano-QuIC",TRUE
"B-112","OBEX",-4,11.1090047393365,5.3965244,6.59418282548476,0.151648813274522,"Nano-QuIC",TRUE
"1942","OBEX",-4,11.0919811320755,4.29559746666667,5.34150943396226,0.187212998940304,"Nano-QuIC",TRUE
"B-227","OBEX",-4,1.99759615384615,0.801282666666667,72,0.0138888888888889,"Nano-QuIC",FALSE
"1901","OBEX",-4,11.7450980392157,5.48366013333333,4.67777777777778,0.213776722090261,"Nano-QuIC",TRUE
"1945","OBEX",-4,10.7002457002457,4.7665848,6.02117486338798,0.166080544526375,"Nano-QuIC",TRUE
"B-166","OBEX",-4,10.9398496240601,4.77527146666667,6.2545045045045,0.159884767734966,"Nano-QuIC",TRUE
"N",NA,-3,2.15571776155718,0.862936,21.9210526315789,0.0456182472989196,"Nano-QuIC",TRUE
"O-39","OBEX",-4,11.9339853300733,6.6471068,6.87642857142857,0.145424327412486,"Nano-QuIC",TRUE
"1904","OBEX",-4,11.2632850241546,4.98872786666667,5.93645833333333,0.168450605369363,"Nano-QuIC",TRUE
"1944","OBEX",-4,11.0589569160998,5.47845813333333,6.284,0.159134309357097,"Nano-QuIC",TRUE
"Y-18","OBEX",-4,10.7848699763593,5.7304964,7.70661157024793,0.129758713136729,"Nano-QuIC",TRUE
"B-167","OBEX",-4,11.9158878504673,5.87850466666667,5.51125776397516,0.181446784531943,"Nano-QuIC",TRUE
"B-112","OBEX",-4,11.7913832199546,5.93499613333333,5.06974637681159,0.197248525996069,"Nano-QuIC",TRUE
"1942","OBEX",-4,11.0275862068966,5.72260533333333,5.66021671826625,0.17667168056885,"Nano-QuIC",TRUE
"B-227","OBEX",-4,4.40444444444444,1.24444453333333,49.4241071428571,0.0202330412790173,"Nano-QuIC",TRUE
"1901","OBEX",-4,12.1939953810624,5.95227093333333,5.27724358974359,0.189492863650167,"Nano-QuIC",TRUE
"1945","OBEX",-4,12.243842364532,6.4203612,5.90393013100437,0.169378698224852,"Nano-QuIC",TRUE
"B-166","OBEX",-4,11.2731591448931,5.66270786666667,6.29562982005141,0.158840342997142,"Nano-QuIC",TRUE
"N",NA,-3,2.03132530120482,0.880321333333333,29.1818181818182,0.0342679127725857,"Nano-QuIC",TRUE
"O-39","OBEX",-4,11.9452380952381,6.3555556,5.55860534124629,0.179901241158415,"Nano-QuIC",TRUE
"1904","OBEX",-4,11.1111111111111,5.6111112,6.33076923076923,0.157958687727825,"Nano-QuIC",TRUE
"1944","OBEX",-4,9.11670480549199,5.52250186666667,6.06908665105386,0.164769438549103,"Nano-QuIC",TRUE
"Y-18","OBEX",-4,8.42403628117914,4.37188213333333,7.55425347222222,0.132375754093651,"Nano-QuIC",TRUE
"B-167","OBEX",-4,10.6542923433875,6.22428453333333,5.36345646437995,0.186446931496741,"Nano-QuIC",TRUE
"B-112","OBEX",-4,9.63839285714286,3.96726186666667,7.04380053908356,0.14196881278102,"Nano-QuIC",TRUE
"1942","OBEX",-4,11.1977777777778,5.2651852,6.1913357400722,0.161516034985423,"Nano-QuIC",TRUE
"B-227","OBEX",-4,1.98177676537585,0.719818133333333,72,0.0138888888888889,"Nano-QuIC",FALSE
"1901","OBEX",-4,11.5653153153153,4.8408408,4.62910798122066,0.216024340770791,"Nano-QuIC",TRUE
"1945","OBEX",-4,11.3596287703016,4.31554533333333,6.046875,0.165374677002584,"Nano-QuIC",TRUE
"B-166","OBEX",-4,10.5102505694761,5.01138946666667,6.31273764258555,0.158409878030417,"Nano-QuIC",TRUE
"N",NA,-3,2.06698564593301,0.791068,24.6617647058824,0.0405485986881336,"Nano-QuIC",TRUE
"O-39","OBEX",-4,10.2037037037037,5.91975306666667,6.55516637478109,0.152551429334758,"Nano-QuIC",TRUE
"1904","OBEX",-4,12.9602977667494,6.229942,5.16011235955056,0.193794229722373,"Nano-QuIC",TRUE
"1944","OBEX",-4,11.3417431192661,5.06727826666667,6.51633393829401,0.153460520818827,"Nano-QuIC",TRUE
"Y-18","OBEX",-4,11.3186046511628,5.20620146666667,7.59841954022989,0.131606315590432,"Nano-QuIC",TRUE
"B-167","OBEX",-4,12.0070588235294,6.08627453333333,6.1678445229682,0.162131194500143,"Nano-QuIC",TRUE
"B-112","OBEX",-4,10.4941995359629,5.66744013333333,5.57307692307692,0.179434092477571,"Nano-QuIC",TRUE
"1942","OBEX",-4,11.3546255506608,5.45961813333333,5.31317934782609,0.18821122618591,"Nano-QuIC",TRUE
"B-227","OBEX",-4,1.99321266968326,0.663649466666667,72,0.0138888888888889,"Nano-QuIC",FALSE
"1901","OBEX",-4,10.0044150110375,3.9676232,5.78372093023256,0.172899075190993,"Nano-QuIC",TRUE
"1945","OBEX",-4,12.1536697247706,5.28440373333333,5.2640931372549,0.189966243743452,"Nano-QuIC",TRUE
"B-166","OBEX",-4,11.5348837209302,5.85736426666667,6.92844522968198,0.144332525819202,"Nano-QuIC",TRUE
"P",NA,-3,10.6180555555556,4.95833333333333,6.95030581039755,0.143878561214388,"Nano-QuIC",TRUE
"B-121","OBEX",-3,10.3397887323944,5.3192488,5.43682065217391,0.183931025865301,"Nano-QuIC",TRUE
"1943","OBEX",-3,10.4844290657439,5.42329866666667,6.2852644836272,0.159102294359283,"Nano-QuIC",TRUE
"Y-16","OBEX",-3,8.6695652173913,3.78898546666667,7.64204545454545,0.130855018587361,"Nano-QuIC",TRUE
"1941","OBEX",-3,10.1669505962521,5.54457693333333,4.21701846965699,0.237134365712498,"Nano-QuIC",TRUE
"1905","OBEX",-3,13.2869565217391,5.43304346666667,8.835,0.113186191284663,"Nano-QuIC",TRUE
"B-146","OBEX",-3,12.5992907801418,4.3309692,8.64732142857143,0.11564274651523,"Nano-QuIC",TRUE
"P",NA,-3,10.0016863406408,4.4002248,6.46301775147929,0.154726482032502,"Nano-QuIC",TRUE
"B-121","OBEX",-3,8.80645161290323,3.82795706666667,5.95628415300546,0.167889908256881,"Nano-QuIC",TRUE
"1943","OBEX",-3,8.2320819112628,3.49715586666667,4.48283582089552,0.223073081405027,"Nano-QuIC",TRUE
"Y-16","OBEX",-3,8.39388489208633,2.51318946666667,10.7091346153846,0.09337822671156,"Nano-QuIC",TRUE
"1941","OBEX",-3,7.85615251299827,3.31138066666667,4.28571428571429,0.233333333333333,"Nano-QuIC",TRUE
"1905","OBEX",-3,9.26883561643836,2.2031964,7.54679802955665,0.132506527415144,"Nano-QuIC",TRUE
"B-146","OBEX",-3,7.39001848428835,1.53049906666667,12.7934782608696,0.0781648258283772,"Nano-QuIC",TRUE
"P",NA,-3,9.9424703891709,5.22053013333333,6.59819897084048,0.151556508741145,"Nano-QuIC",TRUE
"B-121","OBEX",-3,9.16302521008403,3.569748,6.01879271070615,0.166146276847384,"Nano-QuIC",TRUE
"1943","OBEX",-3,8.60260586319218,3.8892508,4.71739130434783,0.211981566820276,"Nano-QuIC",TRUE
"Y-16","OBEX",-3,8.71571906354515,2.3411372,7.46363636363636,0.133982947624848,"Nano-QuIC",TRUE
"1941","OBEX",-3,7.63272120200334,3.12298266666667,4.25057603686636,0.23526223065456,"Nano-QuIC",TRUE
"1905","OBEX",-3,14.8701754385965,6.92865493333333,7.7374213836478,0.129242023978866,"Nano-QuIC",TRUE
"B-146","OBEX",-3,10.8721136767318,3.61634106666667,8.063125,0.124021393690412,"Nano-QuIC",TRUE
"P",NA,-3,10.0817717206133,4.31345826666667,8.03672032193159,0.124428866495587,"Nano-QuIC",TRUE
"B-121","OBEX",-3,11.4608843537415,4.77777773333333,8.10014836795252,0.123454528803004,"Nano-QuIC",TRUE
"1943","OBEX",-3,8.85619834710744,3.80606053333333,4.93013468013468,0.20283421546867,"Nano-QuIC",TRUE
"Y-16","OBEX",-3,9.88403361344538,2.7518208,6.4661214953271,0.154652213188799,"Nano-QuIC",TRUE
"1941","OBEX",-3,8.48429752066116,3.74435266666667,4.3689138576779,0.228889841405915,"Nano-QuIC",TRUE
"1905","OBEX",-3,19.4240837696335,9.67306573333333,9.16338582677165,0.109129967776584,"Nano-QuIC",TRUE
"B-146","OBEX",-3,7.91320072332731,2.63291146666667,9.77339901477833,0.102318548387097,"Nano-QuIC",TRUE
"N",NA,-3,2.24475524475524,0.673659066666667,25.1666666666667,0.0397350993377483,"Nano-QuIC",TRUE
"B-121","OBEX",-4,10.6529209621993,4.54295533333333,5.93895348837209,0.168379833578071,"Nano-QuIC",TRUE
"1943","OBEX",-4,10.9810671256454,5.03499706666667,5.45,0.18348623853211,"Nano-QuIC",TRUE
"Y-16","OBEX",-4,9.91296928327645,4.7326508,9.39957865168539,0.106387747478521,"Nano-QuIC",TRUE
"1941","OBEX",-4,10.2470784641068,5.31775186666667,6.02230046948357,0.166049503020854,"Nano-QuIC",TRUE
"1905","OBEX",-4,10.4232081911263,5.04436866666667,6.77463054187192,0.147609525540811,"Nano-QuIC",TRUE
"B-146","OBEX",-4,11.4257950530035,5.09305066666667,6.39646464646465,0.156336360047375,"Nano-QuIC",TRUE
"N",NA,-3,3.29701230228471,1.0568248,25.6730769230769,0.0389513108614232,"Nano-QuIC",TRUE
"B-121","OBEX",-4,9.72758037225042,4.6858432,5.89977973568282,0.169497853276087,"Nano-QuIC",TRUE
"1943","OBEX",-4,10.7714776632302,5.5257732,5.08375893769152,0.196704842274463,"Nano-QuIC",TRUE
"Y-16","OBEX",-4,9.32284768211921,4.58498893333333,8.78977272727273,0.11376858435682,"Nano-QuIC",TRUE
"1941","OBEX",-4,9.135,4.66,6.37116858237548,0.156957077350973,"Nano-QuIC",TRUE
"1905","OBEX",-4,10.4040404040404,4.81032546666667,6.49364896073903,0.153996621321241,"Nano-QuIC",TRUE
"B-146","OBEX",-4,10.6316666666667,5.8755556,5.99798927613941,0.166722538831154,"Nano-QuIC",TRUE
"N",NA,-3,2.00510204081633,0.6394552,38.7370689655172,0.0258150662067431,"Nano-QuIC",TRUE
"B-121","OBEX",-4,10.0659898477157,5.4867456,6.66614906832298,0.150011646866993,"Nano-QuIC",TRUE
"1943","OBEX",-4,9.929173693086,5.49072506666667,5.41052631578947,0.184824902723735,"Nano-QuIC",TRUE
"Y-16","OBEX",-4,9.7427597955707,4.78818853333333,9.77401960784314,0.102312051757861,"Nano-QuIC",TRUE
"1941","OBEX",-4,9.23793677204659,4.4037716,4.56822916666667,0.218903203739596,"Nano-QuIC",TRUE
"1905","OBEX",-4,8.36677631578947,5.21491226666667,6.04640718562874,0.165387472146571,"Nano-QuIC",TRUE
"B-146","OBEX",-4,7.80813008130081,4.62222226666667,6.51360842844601,0.153524733791616,"Nano-QuIC",TRUE
"N",NA,-3,2.0221843003413,0.575654,34.9583333333333,0.0286054827175209,"Nano-QuIC",TRUE
"B-121","OBEX",-4,11.1266055045872,4.1174312,8.60131195335277,0.116261333785272,"Nano-QuIC",TRUE
"1943","OBEX",-4,9.40350877192983,5.497076,6.15338164251208,0.162512266928361,"Nano-QuIC",TRUE
"Y-16","OBEX",-4,9.75787728026534,4.43781093333333,9.27818448023426,0.107779706485719,"Nano-QuIC",TRUE
"1941","OBEX",-4,9.23905723905724,4.76318746666667,4.04819277108434,0.24702380952381,"Nano-QuIC",TRUE
"1905","OBEX",-4,10.266323024055,5.57846506666667,7.26624068157614,0.137622746592408,"Nano-QuIC",TRUE
"B-146","OBEX",-4,10.4689655172414,4.44597693333333,7.87390670553936,0.127001758770712,"Nano-QuIC",TRUE
