sample_id,animal,process_date,concentration,sample_type,bilateral,mortem,mpi
1969,1942,2025-06-30,0.1,RPLN,TRUE,post-mortem,
1970,1945,2025-06-30,0.1,RPLN,,post-mortem,
1971,1945,2025-06-30,0.1,obex,,post-mortem,
1972,B-121,2025-06-30,0.1,RPLN,,post-mortem,
1973,B-121,2025-06-30,0.1,obex,,post-mortem,
1974,B-166,2025-06-30,0.1,RPLN,,post-mortem,
1975,B-166,2025-06-30,0.1,obex,,post-mortem,
1976,1941,2025-06-30,0.1,RPLN,TRUE,post-mortem,
1977,1941,2025-06-30,0.1,obex,,post-mortem,
1978,1944,2025-06-30,0.1,RPLN,TRUE,post-mortem,
1979,Y-16,2025-06-30,0.1,obex,,post-mortem,
1980,Y-18,2025-06-30,0.1,RPLN,TRUE,post-mortem,
1981,1905,2025-06-30,0.1,RPLN,,post-mortem,
1982,1943,2025-06-30,0.1,obex,,post-mortem,
1983,1941,2025-06-30,0.1,RAMALT,,post-mortem,
1984,B-227,2025-06-30,0.1,RAMALT,,post-mortem,
2001,1942,2025-09-29,0.1,RPLN,,post-mortem,
2002,1942,2025-09-29,0.1,RPLN,,post-mortem,
2003,1941,2025-09-29,0.1,RPLN,,post-mortem,
2004,1941,2025-09-29,0.1,RPLN,,post-mortem,
2005,1944,2025-09-29,0.1,RPLN,,post-mortem,
2006,Y-18,2025-09-29,0.1,RPLN,,post-mortem,
2007,Y-18,2025-09-29,0.1,RPLN,,post-mortem,
2008,B-109,2025-09-29,0.1,RAMALT,,post-mortem,
2009,B-109,2025-09-29,0.1,obex,,post-mortem,
2010,1942,2025-10-09,0.1,RAMALT,,ante-mortem,
2011,B-146,2025-10-09,0.1,RAMALT,,ante-mortem,
2012,1945,2025-10-09,0.1,RAMALT,,ante-mortem,
2013,B-112,2025-10-09,0.1,RAMALT,,ante-mortem,
2014,B-121,2025-10-09,0.1,RAMALT,,ante-mortem,
2015,B-166,2025-10-09,0.1,RAMALT,,ante-mortem,
2016,1901,2025-10-09,0.1,RAMALT,,ante-mortem,
2017,1941,2025-10-09,0.1,RAMALT,,ante-mortem,
2018,1944,2025-10-09,0.1,RAMALT,,ante-mortem,
2019,Y-16,2025-10-09,0.1,RAMALT,,ante-mortem,
2020,Y-18,2025-10-09,0.1,RAMALT,,ante-mortem,
2021,1905,2025-10-09,0.1,RAMALT,,ante-mortem,
2022,B-167,2025-10-09,0.1,RAMALT,,ante-mortem,
2023,B-227,2025-10-09,0.1,RAMALT,,ante-mortem,
2024,1904,2025-10-09,0.1,RAMALT,,ante-mortem,
2025,1943,2025-10-09,0.1,RAMALT,,ante-mortem,
2026,O-39,2025-10-09,0.1,RAMALT,,ante-mortem,
2027,Y-15,2025-10-09,0.1,RAMALT,,ante-mortem,
2028,B-204,2025-10-09,0.1,RAMALT,,ante-mortem,
2029,B-206,2025-10-09,0.1,RAMALT,,ante-mortem,
2030,B-199,2025-10-09,0.1,RAMALT,,ante-mortem,
2031,Y-23,2025-10-09,0.1,RAMALT,,ante-mortem,
2032,B-158,2025-10-09,0.1,RAMALT,,ante-mortem,
2033,B-161,2025-10-09,0.1,RAMALT,,ante-mortem,
2034,B-119,2025-10-09,0.1,RAMALT,,ante-mortem,
2035,B-120,2025-10-09,0.1,RAMALT,,ante-mortem,
2036,O-37,2025-10-09,0.1,RAMALT,,ante-mortem,
2037,1946,2025-10-09,0.1,RAMALT,,ante-mortem,
2038,B-109,2025-10-09,0.1,RAMALT,,ante-mortem,
2039,B-155,2025-10-09,0.1,RAMALT,,ante-mortem,
2040,1942,2025-10-14,0.1,RAMALT,,ante-mortem,
2041,B-146,2025-10-14,0.1,RAMALT,,ante-mortem,
2042,1945,2025-10-14,0.1,RAMALT,,ante-mortem,
2043,B-112,2025-10-14,0.1,RAMALT,,ante-mortem,
2044,B-121,2025-10-14,0.1,RAMALT,,ante-mortem,
2045,B-166,2025-10-14,0.1,RAMALT,,ante-mortem,
2046,1901,2025-10-14,0.1,RAMALT,,ante-mortem,
2047,1941,2025-10-14,0.1,RAMALT,,ante-mortem,
2048,1944,2025-10-14,0.1,RAMALT,,ante-mortem,
2049,Y-16,2025-10-14,0.1,RAMALT,,ante-mortem,
2050,Y-18,2025-10-14,0.1,RAMALT,,ante-mortem,
2051,1905,2025-10-14,0.1,RAMALT,,ante-mortem,
2052,B-167,2025-10-14,0.1,RAMALT,,ante-mortem,
2053,1904,2025-10-14,0.1,RAMALT,,ante-mortem,
2054,1943,2025-10-14,0.1,RAMALT,,ante-mortem,
2055,O-39,2025-10-14,0.1,RAMALT,,ante-mortem,
2056,Y-15,2025-10-14,0.1,RAMALT,,ante-mortem,
2057,B-204,2025-10-14,0.1,RAMALT,,ante-mortem,
2058,B-206,2025-10-14,0.1,RAMALT,,ante-mortem,
2059,B-199,2025-10-14,0.1,RAMALT,,ante-mortem,
2060,Y-23,2025-10-14,0.1,RAMALT,,ante-mortem,
2061,B-158,2025-10-14,0.1,RAMALT,,ante-mortem,
2062,B-161,2025-10-14,0.1,RAMALT,,ante-mortem,
2063,B-119,2025-10-14,0.1,RAMALT,,ante-mortem,
2064,B-120,2025-10-14,0.1,RAMALT,,ante-mortem,
2065,O-37,2025-10-14,0.1,RAMALT,,ante-mortem,
2066,1946,2025-10-14,0.1,RAMALT,,ante-mortem,
2067,B-109,2025-10-14,0.1,RAMALT,,ante-mortem,
2068,B-155,2025-10-14,0.1,RAMALT,,ante-mortem,
2069,1942,2025-10-15,0.1,RAMALT,,ante-mortem,
2070,B-146,2025-10-15,0.1,RAMALT,,ante-mortem,
2071,1945,2025-10-15,0.1,RAMALT,,ante-mortem,
2072,B-112,2025-10-15,0.1,RAMALT,,ante-mortem,
2073,B-121,2025-10-15,0.1,RAMALT,,ante-mortem,
2074,B-166,2025-10-15,0.1,RAMALT,,ante-mortem,
2075,1901,2025-10-15,0.1,RAMALT,,ante-mortem,
2076,1941,2025-10-15,0.1,RAMALT,,ante-mortem,
2077,1944,2025-10-15,0.1,RAMALT,,ante-mortem,
2078,Y-16,2025-10-15,0.1,RAMALT,,ante-mortem,
2079,Y-18,2025-10-15,0.1,RAMALT,,ante-mortem,
2080,1905,2025-10-15,0.1,RAMALT,,ante-mortem,
2081,B-167,2025-10-15,0.1,RAMALT,,ante-mortem,
2082,1904,2025-10-15,0.1,RAMALT,,ante-mortem,
2083,1943,2025-10-15,0.1,RAMALT,,ante-mortem,
2084,O-39,2025-10-15,0.1,RAMALT,,ante-mortem,
2085,Y-15,2025-10-15,0.1,RAMALT,,ante-mortem,
2086,B-204,2025-10-15,0.1,RAMALT,,ante-mortem,
2087,B-206,2025-10-15,0.1,RAMALT,,ante-mortem,
2088,B-199,2025-10-15,0.1,RAMALT,,ante-mortem,
2089,Y-23,2025-10-15,0.1,RAMALT,,ante-mortem,
2090,B-158,2025-10-15,0.1,RAMALT,,ante-mortem,
2091,B-161,2025-10-15,0.1,RAMALT,,ante-mortem,
2092,B-119,2025-10-15,0.1,RAMALT,,ante-mortem,
2093,B-120,2025-10-15,0.1,RAMALT,,ante-mortem,
2094,O-37,2025-10-15,0.1,RAMALT,,ante-mortem,
2095,1946,2025-10-15,0.1,RAMALT,,ante-mortem,
2096,B-109,2025-10-15,0.1,RAMALT,,ante-mortem,
2097,B-155,2025-10-15,0.1,RAMALT,,ante-mortem,
2098,1942,2025-10-15,0.1,RAMALT,,ante-mortem,
2099,B-146,2025-10-15,0.1,RAMALT,,ante-mortem,
2100,1945,2025-10-15,0.1,RAMALT,,ante-mortem,
2101,B-112,2025-10-15,0.1,RAMALT,,ante-mortem,
2102,B-121,2025-10-15,0.1,RAMALT,,ante-mortem,
2103,B-166,2025-10-15,0.1,RAMALT,,ante-mortem,
2104,1901,2025-10-15,0.1,RAMALT,,ante-mortem,
2105,1941,2025-10-15,0.1,RAMALT,,ante-mortem,
2106,1944,2025-10-15,0.1,RAMALT,,ante-mortem,
2107,Y-16,2025-10-15,0.1,RAMALT,,ante-mortem,
2108,Y-18,2025-10-15,0.1,RAMALT,,ante-mortem,
2109,1905,2025-10-15,0.1,RAMALT,,ante-mortem,
2110,B-167,2025-10-15,0.1,RAMALT,,ante-mortem,
2111,1904,2025-10-15,0.1,RAMALT,,ante-mortem,
2112,1943,2025-10-15,0.1,RAMALT,,ante-mortem,
2113,O-39,2025-10-15,0.1,RAMALT,,ante-mortem,
2114,Y-15,2025-10-15,0.1,RAMALT,,ante-mortem,
2115,B-204,2025-10-15,0.1,RAMALT,,ante-mortem,
2116,B-206,2025-10-15,0.1,RAMALT,,ante-mortem,
2117,B-199,2025-10-15,0.1,RAMALT,,ante-mortem,
2118,Y-23,2025-10-15,0.1,RAMALT,,ante-mortem,
2119,B-158,2025-10-15,0.1,RAMALT,,ante-mortem,
2120,B-161,2025-10-15,0.1,RAMALT,,ante-mortem,
2121,B-119,2025-10-15,0.1,RAMALT,,ante-mortem,
2122,B-120,2025-10-15,0.1,RAMALT,,ante-mortem,
2123,O-37,2025-10-15,0.1,RAMALT,,ante-mortem,
2124,1946,2025-10-15,0.1,RAMALT,,ante-mortem,
2125,B-109,2025-10-15,0.1,RAMALT,,ante-mortem,
2126,B-155,2025-10-15,0.1,RAMALT,,ante-mortem,
2127,1942,2025-10-16,0.1,RAMALT,,ante-mortem,
2128,B-146,2025-10-16,0.1,RAMALT,,ante-mortem,
2129,1945,2025-10-16,0.1,RAMALT,,ante-mortem,
2130,B-112,2025-10-16,0.1,RAMALT,,ante-mortem,
2131,B-121,2025-10-16,0.1,RAMALT,,ante-mortem,
2132,B-166,2025-10-16,0.1,RAMALT,,ante-mortem,
2133,1901,2025-10-16,0.1,RAMALT,,ante-mortem,
2134,1941,2025-10-16,0.1,RAMALT,,ante-mortem,
2135,1944,2025-10-16,0.1,RAMALT,,ante-mortem,
2136,Y-16,2025-10-16,0.1,RAMALT,,ante-mortem,
2137,Y-18,2025-10-16,0.1,RAMALT,,ante-mortem,
2138,1905,2025-10-16,0.1,RAMALT,,ante-mortem,
2139,B-167,2025-10-16,0.1,RAMALT,,ante-mortem,
2140,1904,2025-10-16,0.1,RAMALT,,ante-mortem,
2141,1943,2025-10-16,0.1,RAMALT,,ante-mortem,
2142,O-39,2025-10-16,0.1,RAMALT,,ante-mortem,
2143,Y-15,2025-10-16,0.1,RAMALT,,ante-mortem,
2144,B-204,2025-10-16,0.1,RAMALT,,ante-mortem,
2145,B-206,2025-10-16,0.1,RAMALT,,ante-mortem,
2146,B-199,2025-10-16,0.1,RAMALT,,ante-mortem,
2147,Y-23,2025-10-16,0.1,RAMALT,,ante-mortem,
2148,B-158,2025-10-16,0.1,RAMALT,,ante-mortem,
2149,B-161,2025-10-16,0.1,RAMALT,,ante-mortem,
2150,B-119,2025-10-16,0.1,RAMALT,,ante-mortem,
2151,B-120,2025-10-16,0.1,RAMALT,,ante-mortem,
2152,O-37,2025-10-16,0.1,RAMALT,,ante-mortem,
2153,1946,2025-10-16,0.1,RAMALT,,ante-mortem,
2154,B-109,2025-10-16,0.1,RAMALT,,ante-mortem,
2155,B-155,2025-10-16,0.1,RAMALT,,ante-mortem,
2156,1942,2025-10-16,0.1,RAMALT,,ante-mortem,
2157,B-146,2025-10-16,0.1,RAMALT,,ante-mortem,
2158,1945,2025-10-16,0.1,RAMALT,,ante-mortem,
2159,B-112,2025-10-16,0.1,RAMALT,,ante-mortem,
2160,B-121,2025-10-16,0.1,RAMALT,,ante-mortem,
2161,B-166,2025-10-16,0.1,RAMALT,,ante-mortem,
2162,1901,2025-10-16,0.1,RAMALT,,ante-mortem,
2163,1941,2025-10-16,0.1,RAMALT,,ante-mortem,
2164,1944,2025-10-16,0.1,RAMALT,,ante-mortem,
2165,Y-16,2025-10-16,0.1,RAMALT,,ante-mortem,
2166,Y-18,2025-10-16,0.1,RAMALT,,ante-mortem,
2167,1904,2025-10-16,0.1,RAMALT,,ante-mortem,
2168,1943,2025-10-16,0.1,RAMALT,,ante-mortem,
2169,O-39,2025-10-16,0.1,RAMALT,,ante-mortem,
2170,Y-15,2025-10-16,0.1,RAMALT,,ante-mortem,
2171,B-204,2025-10-16,0.1,RAMALT,,ante-mortem,
2172,B-206,2025-10-16,0.1,RAMALT,,ante-mortem,
2173,B-199,2025-10-16,0.1,RAMALT,,ante-mortem,
2174,Y-23,2025-10-16,0.1,RAMALT,,ante-mortem,
2175,B-158,2025-10-16,0.1,RAMALT,,ante-mortem,
2176,B-161,2025-10-16,0.1,RAMALT,,ante-mortem,
2177,B-119,2025-10-16,0.1,RAMALT,,ante-mortem,
2178,B-120,2025-10-16,0.1,RAMALT,,ante-mortem,
2179,O-37,2025-10-16,0.1,RAMALT,,ante-mortem,
2180,1946,2025-10-16,0.1,RAMALT,,ante-mortem,
2181,B-109,2025-10-16,0.1,RAMALT,,ante-mortem,
2182,B-155,2025-10-16,0.1,RAMALT,,ante-mortem,
2183,1901,2025-10-29,0.1,RAMALT,,ante-mortem,
2184,1944,2025-10-29,0.1,RAMALT,,ante-mortem,
2185,1942,2025-10-29,0.1,RAMALT,,ante-mortem,
2186,B-155,2025-10-29,0.1,RAMALT,,ante-mortem,
2187,1904,2025-10-29,0.1,RAMALT,,ante-mortem,
2188,Y-16,2025-10-29,0.1,RAMALT,,ante-mortem,
2189,O-37,2025-10-29,0.1,RAMALT,,ante-mortem,
2190,1946,2025-10-29,0.1,RAMALT,,ante-mortem,
2191,B-109,2025-10-29,0.1,RAMALT,,ante-mortem,
2192,B-120,2025-10-29,0.1,RAMALT,,ante-mortem,
2193,1943,2025-10-29,0.1,RAMALT,,ante-mortem,
2194,B-119,2025-10-29,0.1,RAMALT,,ante-mortem,
2195,Y-18,2025-10-29,0.1,RAMALT,,ante-mortem,
2196,1942,2025-10-29,0.1,RAMALT,,ante-mortem,
2197,1901,2025-10-29,0.1,RAMALT,,ante-mortem,
2198,1901,2025-10-29,0.1,RAMALT,,ante-mortem,
2199,1941,2025-10-29,0.1,RAMALT,,ante-mortem,
2200,1901,2025-10-29,0.1,RAMALT,,ante-mortem,
2201,1941,2025-10-29,0.1,RAMALT,,ante-mortem,
2202,1901,2025-10-29,0.1,RAMALT,,ante-mortem,
2203,1901,2025-10-29,0.1,RAMALT,,ante-mortem,
2204,B-146,2025-11-10,0.1,RAMALT,,ante-mortem,
2205,B-112,2025-11-10,0.1,RAMALT,,ante-mortem,
2206,1901,2025-11-10,0.1,RAMALT,,ante-mortem,
2207,Y-16,2025-11-10,0.1,RAMALT,,ante-mortem,
2208,Y-18,2025-11-10,0.1,RAMALT,,ante-mortem,
2209,1943,2025-11-10,0.1,RAMALT,,ante-mortem,
2210,Y-15,2025-11-10,0.1,RAMALT,,ante-mortem,
2211,B-204,2025-11-10,0.1,RAMALT,,ante-mortem,
2212,B-206,2025-11-10,0.1,RAMALT,,ante-mortem,
2213,B-199,2025-11-10,0.1,RAMALT,,ante-mortem,
2214,Y-23,2025-11-10,0.1,RAMALT,,ante-mortem,
2215,B-158,2025-11-10,0.1,RAMALT,,ante-mortem,
2216,B-161,2025-11-10,0.1,RAMALT,,ante-mortem,
2217,B-119,2025-11-10,0.1,RAMALT,,ante-mortem,
2218,B-120,2025-11-10,0.1,RAMALT,,ante-mortem,
2219,O-37,2025-11-10,0.1,RAMALT,,ante-mortem,
2220,1946,2025-11-10,0.1,RAMALT,,ante-mortem,
2221,B-109,2025-11-10,0.1,RAMALT,,ante-mortem,
2222,B-155,2025-11-10,0.1,RAMALT,,ante-mortem,
2223,1941,2025-11-10,0.1,RAMALT,,ante-mortem,
2224,B-121,2025-11-10,0.1,RAMALT,,ante-mortem,
2225,B-146,2025-11-12,0.1,RAMALT,,ante-mortem,
2226,1901,2025-11-12,0.1,RAMALT,,ante-mortem,
2227,1941,2025-11-12,0.1,RAMALT,,ante-mortem,
2228,Y-16,2025-11-12,0.1,RAMALT,,ante-mortem,
2229,Y-15,2025-11-12,0.1,RAMALT,,ante-mortem,
2230,B-204,2025-11-12,0.1,RAMALT,,ante-mortem,
2231,B-206,2025-11-12,0.1,RAMALT,,ante-mortem,
2232,B-199,2025-11-12,0.1,RAMALT,,ante-mortem,
2233,Y-23,2025-11-12,0.1,RAMALT,,ante-mortem,
2234,B-158,2025-11-12,0.1,RAMALT,,ante-mortem,
2235,B-161,2025-11-12,0.1,RAMALT,,ante-mortem,
2236,B-119,2025-11-12,0.1,RAMALT,,ante-mortem,
2237,B-120,2025-11-12,0.1,RAMALT,,ante-mortem,
2238,O-37,2025-11-12,0.1,RAMALT,,ante-mortem,
2239,1946,2025-11-12,0.1,RAMALT,,ante-mortem,
2240,B-109,2025-11-12,0.1,RAMALT,,ante-mortem,
2241,B-155,2025-11-12,0.1,RAMALT,,ante-mortem,
2242,1901,2025-11-12,0.1,RAMALT,,ante-mortem,
2243,Y-15,2025-11-14,0.1,RAMALT,,ante-mortem,
2244,B-204,2025-11-14,0.1,RAMALT,,ante-mortem,
2245,B-206,2025-11-14,0.1,RAMALT,,ante-mortem,
2246,B-199,2025-11-14,0.1,RAMALT,,ante-mortem,
2247,Y-23,2025-11-14,0.1,RAMALT,,ante-mortem,
2248,B-158,2025-11-14,0.1,RAMALT,,ante-mortem,
2249,B-161,2025-11-14,0.1,RAMALT,,ante-mortem,
2250,B-119,2025-11-14,0.1,RAMALT,,ante-mortem,
2251,B-120,2025-11-14,0.1,RAMALT,,ante-mortem,
2252,O-37,2025-11-14,0.1,RAMALT,,ante-mortem,
2253,1946,2025-11-14,0.1,RAMALT,,ante-mortem,
2254,B-109,2025-11-14,0.1,RAMALT,,ante-mortem,
2255,B-155,2025-11-14,0.1,RAMALT,,ante-mortem,
2265,O-39,,0.2,obex,,post-mortem,
2266,1904,,0.2,obex,,post-mortem,
2267,1944,,0.2,obex,,post-mortem,
2268,Y-18,,0.2,obex,,post-mortem,
2269,B-167,,0.2,obex,,post-mortem,
2270,B-112,,0.2,obex,,post-mortem,
2271,1942,,0.2,obex,,post-mortem,
2272,B-227,,0.2,obex,,post-mortem,
2273,1901,,0.2,obex,,post-mortem,
2274,1905,,0.2,obex,,post-mortem,
2275,B-146,,0.2,obex,,post-mortem,
2276,B-146,,0.2,RAMALT,,post-mortem,
2277,1945,,0.2,RAMALT,,post-mortem,
2278,B-112,,0.2,RAMALT,,post-mortem,
2279,B-121,,0.2,RAMALT,,post-mortem,
2280,B-166,,0.2,RAMALT,,post-mortem,
2281,1901,,0.2,RAMALT,,post-mortem,
2282,1944,,0.2,RAMALT,,post-mortem,
2283,Y-18,,0.2,RAMALT,,post-mortem,
2284,B-167,,0.2,RAMALT,,post-mortem,
2285,1904,,0.2,RAMALT,,post-mortem,
2286,1943,,0.2,RAMALT,,post-mortem,
2287,O-39,,0.2,RAMALT,,post-mortem,
2288,B-112,,0.2,RPLN,,post-mortem,
2289,B-167,,0.2,RPLN,,post-mortem,
2290,B-227,,0.2,RPLN,,post-mortem,
2291,1943,,0.2,RPLN,,post-mortem,
2292,O-39,,0.2,RPLN,,post-mortem,
2293,B-146,,0.2,RPLN,,post-mortem,
2294,1901,,0.2,RPLN,,post-mortem,
2295,1904,,0.2,RPLN,,post-mortem,
2296,B-109,,0.2,RPLN,,post-mortem,
2297,B-109,,0.2,RPLN,,post-mortem,
2298,1901,,0.2,RPLN,,post-mortem,
2299,1904,,0.2,RPLN,,post-mortem,
2300,B-146,,0.2,RPLN,,post-mortem,
B-2,1942,2026-03-13,,whole blood,,ante-mortem,0
B-3,B-146,2026-03-13,,whole blood,,ante-mortem,0
B-4,1945,2026-03-13,,whole blood,,ante-mortem,0
B-5,B-112,2026-03-13,,whole blood,,ante-mortem,0
B-6,B-121,2026-03-13,,whole blood,,ante-mortem,0
B-7,B-166,2026-03-13,,whole blood,,ante-mortem,0
B-8,1901,2026-03-13,,whole blood,,ante-mortem,0
B-9,1941,2026-03-13,,whole blood,,ante-mortem,0
B-10,1944,2026-03-13,,whole blood,,ante-mortem,0
B-11,Y-16,2026-03-13,,whole blood,,ante-mortem,0
B-12,Y-18,2026-03-13,,whole blood,,ante-mortem,0
B-13,1905,2026-03-13,,whole blood,,ante-mortem,0
B-14,B-167,2026-03-13,,whole blood,,ante-mortem,0
B-15,B-227,2026-03-13,,whole blood,,ante-mortem,0
B-16,1904,2026-03-13,,whole blood,,ante-mortem,0
B-17,1943,2026-03-13,,whole blood,,ante-mortem,0
B-18,O-39,2026-03-13,,whole blood,,ante-mortem,0
B-19,Y-15,2026-03-13,,whole blood,,ante-mortem,0
B-20,B-204,2026-03-13,,whole blood,,ante-mortem,0
B-21,B-206,2026-03-13,,whole blood,,ante-mortem,0
B-22,B-199,2026-03-13,,whole blood,,ante-mortem,0
B-23,Y-23,2026-03-13,,whole blood,,ante-mortem,0
B-24,B-158,2026-03-13,,whole blood,,ante-mortem,0
B-25,B-161,2026-03-13,,whole blood,,ante-mortem,0
B-26,B-119,2026-03-13,,whole blood,,ante-mortem,0
B-27,B-120,2026-03-13,,whole blood,,ante-mortem,0
B-28,O-37,2026-03-13,,whole blood,,ante-mortem,0
B-29,1946,2026-03-13,,whole blood,,ante-mortem,0
B-30,B-109,2026-03-13,,whole blood,,ante-mortem,0
B-31,B-155,2026-03-13,,whole blood,,ante-mortem,0
B-32,1942,2026-03-18,,whole blood,,ante-mortem,3
B-33,B-146,2026-03-18,,whole blood,,ante-mortem,3
B-34,1945,2026-03-18,,whole blood,,ante-mortem,3
B-35,B-112,2026-03-18,,whole blood,,ante-mortem,3
B-36,B-121,2026-03-18,,whole blood,,ante-mortem,3
B-37,B-166,2026-03-18,,whole blood,,ante-mortem,3
B-38,1901,2026-03-18,,whole blood,,ante-mortem,3
B-39,1941,2026-03-18,,whole blood,,ante-mortem,3
B-40,1944,2026-03-18,,whole blood,,ante-mortem,3
B-41,Y-16,2026-03-18,,whole blood,,ante-mortem,3
B-42,Y-18,2026-03-18,,whole blood,,ante-mortem,3
B-43,1905,2026-03-18,,whole blood,,ante-mortem,3
B-44,B-167,2026-03-18,,whole blood,,ante-mortem,3
B-45,1904,2026-03-18,,whole blood,,ante-mortem,3
B-46,O-39,2026-03-18,,whole blood,,ante-mortem,3
B-47,Y-15,2026-03-18,,whole blood,,ante-mortem,3
B-48,B-204,2026-03-18,,whole blood,,ante-mortem,3
B-49,B-206,2026-03-18,,whole blood,,ante-mortem,3
B-50,B-199,2026-03-18,,whole blood,,ante-mortem,3
B-51,Y-23,2026-03-18,,whole blood,,ante-mortem,3
B-52,B-158,2026-03-18,,whole blood,,ante-mortem,3
B-53,B-161,2026-03-18,,whole blood,,ante-mortem,3
B-54,B-119,2026-03-18,,whole blood,,ante-mortem,3
B-55,B-120,2026-03-18,,whole blood,,ante-mortem,3
B-56,O-37,2026-03-18,,whole blood,,ante-mortem,3
B-57,1946,2026-03-18,,whole blood,,ante-mortem,3
B-58,B-109,2026-03-18,,whole blood,,ante-mortem,3
B-59,B-155,2026-03-18,,whole blood,,ante-mortem,3
B-60,1942,2026-03-24,,whole blood,,ante-mortem,6
B-61,B-146,2026-03-24,,whole blood,,ante-mortem,6
B-62,1945,2026-03-24,,whole blood,,ante-mortem,6
B-63,B-112,2026-03-24,,whole blood,,ante-mortem,6
B-64,B-121,2026-03-24,,whole blood,,ante-mortem,6
B-65,B-166,2026-03-24,,whole blood,,ante-mortem,6
B-66,1901,2026-03-24,,whole blood,,ante-mortem,6
B-67,1941,2026-03-24,,whole blood,,ante-mortem,6
B-68,1944,2026-03-24,,whole blood,,ante-mortem,6
B-69,Y-16,2026-03-24,,whole blood,,ante-mortem,6
B-70,Y-18,2026-03-24,,whole blood,,ante-mortem,6
B-71,1905,2026-03-24,,whole blood,,ante-mortem,6
B-72,1904,2026-03-27,,whole blood,,ante-mortem,6
B-73,1943,2026-03-27,,whole blood,,ante-mortem,6
B-74,O-39,2026-03-27,,whole blood,,ante-mortem,6
B-75,Y-15,2026-03-27,,whole blood,,ante-mortem,6
B-76,B-204,2026-03-27,,whole blood,,ante-mortem,6
B-77,B-206,2026-03-27,,whole blood,,ante-mortem,6
B-78,B-199,2026-03-27,,whole blood,,ante-mortem,6
B-79,Y-23,2026-03-27,,whole blood,,ante-mortem,6
B-80,B-158,2026-03-27,,whole blood,,ante-mortem,6
B-81,B-161,2026-03-27,,whole blood,,ante-mortem,6
B-82,B-119,2026-03-27,,whole blood,,ante-mortem,6
B-83,B-120,2026-03-27,,whole blood,,ante-mortem,6
B-84,O-37,2026-03-27,,whole blood,,ante-mortem,6
B-85,1946,2026-03-27,,whole blood,,ante-mortem,6
B-86,B-109,2026-03-27,,whole blood,,ante-mortem,6
B-87,B-155,2026-03-27,,whole blood,,ante-mortem,6
B-88,1942,2026-03-27,,whole blood,,ante-mortem,9
B-89,B-146,2026-03-27,,whole blood,,ante-mortem,9
B-90,1945,2026-03-27,,whole blood,,ante-mortem,9
B-91,B-112,2026-03-27,,whole blood,,ante-mortem,9
B-92,B-121,2026-03-27,,whole blood,,ante-mortem,9
B-93,B-166,2026-03-27,,whole blood,,ante-mortem,9
B-94,1901,2026-03-27,,whole blood,,ante-mortem,9
B-95,1941,2026-03-27,,whole blood,,ante-mortem,9
B-96,1944,2026-04-01,,whole blood,,ante-mortem,9
B-97,Y-16,2026-04-01,,whole blood,,ante-mortem,9
B-98,Y-18,2026-04-01,,whole blood,,ante-mortem,9
B-99,1905,2026-04-01,,whole blood,,ante-mortem,9
B-100,B-167,2026-04-01,,whole blood,,ante-mortem,9
B-101,1904,2026-04-01,,whole blood,,ante-mortem,9
B-102,1943,2026-04-01,,whole blood,,ante-mortem,9
B-103,O-39,2026-04-01,,whole blood,,ante-mortem,9
B-104,Y-15,2026-04-01,,whole blood,,ante-mortem,9
B-105,B-204,2026-04-01,,whole blood,,ante-mortem,9
B-106,B-206,2026-04-01,,whole blood,,ante-mortem,9
B-107,B-199,2026-04-01,,whole blood,,ante-mortem,9
B-108,Y-23,2026-04-01,,whole blood,,ante-mortem,9
B-109,B-158,2026-04-01,,whole blood,,ante-mortem,9
B-110,B-161,2026-04-01,,whole blood,,ante-mortem,9
B-111,B-119,2026-04-01,,whole blood,,ante-mortem,9
B-112,B-120,2026-04-01,,whole blood,,ante-mortem,9
B-113,O-37,2026-04-01,,whole blood,,ante-mortem,9
B-114,1946,2026-04-01,,whole blood,,ante-mortem,9
B-115,B-109,2026-04-01,,whole blood,,ante-mortem,9
B-116,B-155,2026-04-01,,whole blood,,ante-mortem,9
B-117,1942,2026-04-01,,whole blood,,ante-mortem,12
B-118,B-146,2026-04-01,,whole blood,,ante-mortem,12
B-119,1945,2026-04-01,,whole blood,,ante-mortem,12
B-120,B-112,2026-04-02,,whole blood,,ante-mortem,12
B-121,B-121,2026-04-02,,whole blood,,ante-mortem,12
B-122,B-166,2026-04-02,,whole blood,,ante-mortem,12
B-123,1901,2026-04-02,,whole blood,,ante-mortem,12
B-124,1941,2026-04-02,,whole blood,,ante-mortem,12
B-125,1944,2026-04-02,,whole blood,,ante-mortem,12
B-126,Y-16,2026-04-02,,whole blood,,ante-mortem,12
B-127,Y-18,2026-04-02,,whole blood,,ante-mortem,12
B-128,1905,2026-04-02,,whole blood,,ante-mortem,12
B-129,B-167,2026-04-02,,whole blood,,ante-mortem,12
B-130,1904,2026-04-02,,whole blood,,ante-mortem,12
B-131,1943,2026-04-02,,whole blood,,ante-mortem,12
B-132,O-39,2026-04-02,,whole blood,,ante-mortem,12
B-133,Y-15,2026-04-02,,whole blood,,ante-mortem,12
B-134,B-204,2026-04-02,,whole blood,,ante-mortem,12
B-135,B-206,2026-04-02,,whole blood,,ante-mortem,12
B-136,B-199,2026-04-02,,whole blood,,ante-mortem,12
B-137,Y-23,2026-04-02,,whole blood,,ante-mortem,12
B-138,B-158,2026-04-02,,whole blood,,ante-mortem,12
B-139,B-161,2026-04-02,,whole blood,,ante-mortem,12
B-140,B-119,2026-04-02,,whole blood,,ante-mortem,12
B-141,B-120,2026-04-02,,whole blood,,ante-mortem,12
B-142,O-37,2026-04-02,,whole blood,,ante-mortem,12
B-143,1946,2026-04-02,,whole blood,,ante-mortem,12
B-144,B-109,2026-04-02,,whole blood,,ante-mortem,12
B-145,B-155,2026-04-02,,whole blood,,ante-mortem,12
B-146,1942,2026-04-03,,whole blood,,ante-mortem,15
B-147,B-146,2026-04-03,,whole blood,,ante-mortem,15
B-148,1945,2026-04-03,,whole blood,,ante-mortem,15
B-149,B-112,2026-04-03,,whole blood,,ante-mortem,15
B-150,B-121,2026-04-03,,whole blood,,ante-mortem,15
B-151,B-166,2026-04-03,,whole blood,,ante-mortem,15
B-152,1901,2026-04-03,,whole blood,,ante-mortem,15
B-153,1941,2026-04-03,,whole blood,,ante-mortem,15
B-154,1944,2026-04-03,,whole blood,,ante-mortem,15
B-155,Y-16,2026-04-03,,whole blood,,ante-mortem,15
B-156,Y-18,2026-04-03,,whole blood,,ante-mortem,15
B-157,1904,2026-04-03,,whole blood,,ante-mortem,15
B-158,1943,2026-04-03,,whole blood,,ante-mortem,15
B-159,O-39,2026-04-03,,whole blood,,ante-mortem,15
B-160,Y-15,2026-04-03,,whole blood,,ante-mortem,15
B-161,B-204,2026-04-03,,whole blood,,ante-mortem,15
B-162,B-206,2026-04-03,,whole blood,,ante-mortem,15
B-163,B-199,2026-04-03,,whole blood,,ante-mortem,15
B-164,Y-23,2026-04-03,,whole blood,,ante-mortem,15
B-165,B-158,2026-04-03,,whole blood,,ante-mortem,15
B-166,B-161,2026-04-03,,whole blood,,ante-mortem,15
B-167,B-119,2026-04-03,,whole blood,,ante-mortem,15
B-168,B-120,2026-04-03,,whole blood,,ante-mortem,15
B-169,O-37,2026-04-03,,whole blood,,ante-mortem,15
B-170,1946,2026-04-03,,whole blood,,ante-mortem,15
B-171,B-109,2026-04-03,,whole blood,,ante-mortem,15
B-172,B-155,2026-04-03,,whole blood,,ante-mortem,15
B-173,B-146,2026-04-08,,whole blood,,ante-mortem,18
B-174,B-112,2026-04-08,,whole blood,,ante-mortem,18
B-175,B-121,2026-04-08,,whole blood,,ante-mortem,18
B-176,1944,2026-04-08,,whole blood,,ante-mortem,18
B-177,Y-16,2026-04-08,,whole blood,,ante-mortem,18
B-178,Y-18,2026-04-08,,whole blood,,ante-mortem,18
B-179,1904,2026-04-08,,whole blood,,ante-mortem,18
B-180,1943,2026-04-08,,whole blood,,ante-mortem,18
B-181,O-39,2026-04-08,,whole blood,,ante-mortem,18
B-182,Y-15,2026-04-08,,whole blood,,ante-mortem,18
B-183,B-204,2026-04-08,,whole blood,,ante-mortem,18
B-184,B-206,2026-04-08,,whole blood,,ante-mortem,18
B-185,B-199,2026-04-08,,whole blood,,ante-mortem,18
B-186,Y-23,2026-04-08,,whole blood,,ante-mortem,18
B-187,B-158,2026-04-08,,whole blood,,ante-mortem,18
B-188,B-161,2026-04-08,,whole blood,,ante-mortem,18
B-189,B-119,2026-04-08,,whole blood,,ante-mortem,18
B-190,B-120,2026-04-08,,whole blood,,ante-mortem,18
B-191,O-37,2026-04-08,,whole blood,,ante-mortem,18
B-192,1946,2026-04-08,,whole blood,,ante-mortem,18
B-193,B-109,2026-04-08,,whole blood,,ante-mortem,18
B-194,B-155,2026-04-08,,whole blood,,ante-mortem,18
B-195,1942,2026-04-13,,whole blood,,ante-mortem,24
B-196,B-146,2026-04-13,,whole blood,,ante-mortem,24
B-197,B-112,2026-04-13,,whole blood,,ante-mortem,24
B-198,B-121,2026-04-13,,whole blood,,ante-mortem,24
B-199,1901,2026-04-13,,whole blood,,ante-mortem,24
B-200,1941,2026-04-13,,whole blood,,ante-mortem,24
B-201,Y-16,2026-04-13,,whole blood,,ante-mortem,24
B-202,Y-18,2026-04-13,,whole blood,,ante-mortem,24
B-203,1904,2026-04-13,,whole blood,,ante-mortem,24
B-204,1943,2026-04-13,,whole blood,,ante-mortem,24
B-205,Y-15,2026-04-13,,whole blood,,ante-mortem,24
B-206,B-204,2026-04-13,,whole blood,,ante-mortem,24
B-207,B-206,2026-04-13,,whole blood,,ante-mortem,24
B-208,B-199,2026-04-13,,whole blood,,ante-mortem,24
B-209,Y-23,2026-04-13,,whole blood,,ante-mortem,24
B-210,B-158,2026-04-13,,whole blood,,ante-mortem,24
B-211,B-161,2026-04-13,,whole blood,,ante-mortem,24
B-212,B-119,2026-04-13,,whole blood,,ante-mortem,24
B-213,B-120,2026-04-13,,whole blood,,ante-mortem,24
B-214,O-37,2026-04-13,,whole blood,,ante-mortem,24
B-215,1946,2026-04-13,,whole blood,,ante-mortem,24
B-216,B-109,2026-04-13,,whole blood,,ante-mortem,24
B-217,B-155,2026-04-13,,whole blood,,ante-mortem,24
B-218,B-146,2026-04-16,,whole blood,,ante-mortem,39
B-219,B-112,2026-04-16,,whole blood,,ante-mortem,39
B-220,1901,2026-04-16,,whole blood,,ante-mortem,39
B-221,1941,2026-04-16,,whole blood,,ante-mortem,39
B-222,Y-16,2026-04-16,,whole blood,,ante-mortem,39
B-223,Y-18,2026-04-16,,whole blood,,ante-mortem,39
B-224,1943,2026-04-16,,whole blood,,ante-mortem,39
B-225,Y-15,2026-04-16,,whole blood,,ante-mortem,39
B-226,B-204,2026-04-16,,whole blood,,ante-mortem,39
B-227,B-206,2026-04-16,,whole blood,,ante-mortem,39
B-228,B-199,2026-04-16,,whole blood,,ante-mortem,39
B-229,Y-23,2026-04-16,,whole blood,,ante-mortem,39
B-230,B-158,2026-04-16,,whole blood,,ante-mortem,39
B-231,B-161,2026-04-16,,whole blood,,ante-mortem,39
B-232,B-119,2026-04-16,,whole blood,,ante-mortem,39
B-233,B-120,2026-04-16,,whole blood,,ante-mortem,39
B-234,O-37,2026-04-16,,whole blood,,ante-mortem,39
B-235,1946,2026-04-16,,whole blood,,ante-mortem,39
B-236,B-109,2026-04-16,,whole blood,,ante-mortem,39
B-237,B-155,2026-04-16,,whole blood,,ante-mortem,39
B-238,B-146,,,whole blood,,ante-mortem,42
B-239,B-112,,,whole blood,,ante-mortem,42
B-240,1901,,,whole blood,,ante-mortem,42
B-241,1941,,,whole blood,,ante-mortem,42
B-242,Y-16,,,whole blood,,ante-mortem,42
B-243,1943,,,whole blood,,ante-mortem,42
B-244,Y-15,,,whole blood,,ante-mortem,42
B-245,B-204,,,whole blood,,ante-mortem,42
B-246,B-206,,,whole blood,,ante-mortem,42
B-247,B-199,,,whole blood,,ante-mortem,42
B-248,Y-23,,,whole blood,,ante-mortem,42
B-249,B-158,,,whole blood,,ante-mortem,42
B-250,B-161,,,whole blood,,ante-mortem,42
B-251,B-119,,,whole blood,,ante-mortem,42
B-252,B-120,,,whole blood,,ante-mortem,42
B-253,O-37,,,whole blood,,ante-mortem,42
B-254,1946,,,whole blood,,ante-mortem,42
B-255,B-109,,,whole blood,,ante-mortem,42
B-256,B-155,,,whole blood,,ante-mortem,42
B-257,B-146,,,whole blood,,ante-mortem,45
B-258,B-112,,,whole blood,,ante-mortem,45
B-259,1901,,,whole blood,,ante-mortem,45
B-260,1941,,,whole blood,,ante-mortem,45
B-261,Y-15,,,whole blood,,ante-mortem,45
B-262,B-204,,,whole blood,,ante-mortem,45
B-263,B-206,,,whole blood,,ante-mortem,45
B-264,B-199,,,whole blood,,ante-mortem,45
B-265,Y-23,,,whole blood,,ante-mortem,45
B-266,B-158,,,whole blood,,ante-mortem,45
B-267,B-161,,,whole blood,,ante-mortem,45
B-268,B-146,,,whole blood,,ante-mortem,48
B-269,1901,,,whole blood,,ante-mortem,48
B-270,1941,,,whole blood,,ante-mortem,48
B-271,Y-16,,,whole blood,,ante-mortem,48
B-272,Y-15,,,whole blood,,ante-mortem,48
B-273,B-204,,,whole blood,,ante-mortem,48
B-274,B-206,,,whole blood,,ante-mortem,48
B-275,B-199,,,whole blood,,ante-mortem,48
B-276,Y-23,,,whole blood,,ante-mortem,48
B-277,B-158,,,whole blood,,ante-mortem,48
B-278,B-161,,,whole blood,,ante-mortem,48
B-279,B-119,,,whole blood,,ante-mortem,48
B-280,B-120,,,whole blood,,ante-mortem,48
B-281,O-37,,,whole blood,,ante-mortem,48
B-282,1946,,,whole blood,,ante-mortem,48
B-283,B-109,,,whole blood,,ante-mortem,48
B-284,B-155,,,whole blood,,ante-mortem,48
B-285,B-146,2026-05-19,,whole blood,,ante-mortem,51
B-286,1901,2026-05-19,,whole blood,,ante-mortem,51
B-287,Y-16,2026-05-19,,whole blood,,ante-mortem,51
B-288,Y-15,2026-05-19,,whole blood,,ante-mortem,51
B-289,B-204,2026-05-19,,whole blood,,ante-mortem,51
B-290,B-206,2026-05-19,,whole blood,,ante-mortem,51
B-291,B-199,2026-05-19,,whole blood,,ante-mortem,51
B-292,Y-23,2026-05-19,,whole blood,,ante-mortem,51
B-293,B-158,2026-05-19,,whole blood,,ante-mortem,51
B-294,B-161,2026-05-19,,whole blood,,ante-mortem,51
B-295,B-119,2026-05-19,,whole blood,,ante-mortem,51
B-296,O-37,2026-05-19,,whole blood,,ante-mortem,51
B-297,1946,2026-05-19,,whole blood,,ante-mortem,51
B-298,B-109,2026-05-19,,whole blood,,ante-mortem,51
B-299,B-155,2026-05-19,,whole blood,,ante-mortem,51
B-300,Y-15,2026-05-21,,whole blood,,ante-mortem,60
B-301,B-204,2026-05-21,,whole blood,,ante-mortem,60
B-302,B-206,2026-05-21,,whole blood,,ante-mortem,60
B-303,B-199,2026-05-21,,whole blood,,ante-mortem,60
B-304,Y-23,2026-05-21,,whole blood,,ante-mortem,60
B-305,B-158,2026-05-21,,whole blood,,ante-mortem,60
B-306,B-161,2026-05-21,,whole blood,,ante-mortem,60
B-307,B-119,2026-05-21,,whole blood,,ante-mortem,60
B-308,B-120,2026-05-21,,whole blood,,ante-mortem,60
B-309,O-37,2026-05-21,,whole blood,,ante-mortem,60
B-310,1946,2026-05-21,,whole blood,,ante-mortem,60
B-311,B-109,2026-05-21,,whole blood,,ante-mortem,60
B-312,B-155,2026-05-21,,whole blood,,ante-mortem,60
B-313,B-109,2026-05-29,,whole blood,,post-mortem,66
B-314,B-120,2026-04-01,,whole blood,,ante-mortem,9
B-315,O-37,2026-04-01,,whole blood,,ante-mortem,9
B-316,1946,2026-04-01,,whole blood,,ante-mortem,9
B-317,B-109,2026-04-01,,whole blood,,ante-mortem,9
B-318,B-155,2026-04-01,,whole blood,,ante-mortem,9
B-319,1942,2026-04-01,,whole blood,,ante-mortem,12
B-320,B-146,2026-04-01,,whole blood,,ante-mortem,12
B-321,1945,2026-04-01,,whole blood,,ante-mortem,12
B-322,Y-15,2026-06-11,,whole blood,,ante-mortem,3
B-323,B-204,2026-06-11,,whole blood,,ante-mortem,3
B-324,B-206,2026-06-11,,whole blood,,ante-mortem,3
B-325,B-199,2026-06-11,,whole blood,,ante-mortem,3
B-326,Y23,2026-06-11,,whole blood,,ante-mortem,3
B-327,B-158,2026-06-11,,whole blood,,ante-mortem,3
B-328,B-161,2026-06-11,,whole blood,,ante-mortem,3
B-329,B-119,2026-06-11,,whole blood,,ante-mortem,3
B-330,B-120,2026-06-11,,whole blood,,ante-mortem,3
B-331,O-37,2026-06-11,,whole blood,,ante-mortem,3
B-332,1946,2026-06-11,,whole blood,,ante-mortem,3
B-333,B-109,2026-06-11,,whole blood,,ante-mortem,3
B-334,B-155,2026-06-11,,whole blood,,ante-mortem,3
B-335,1942,2026-06-11,,whole blood,,ante-mortem,6
B-336,B-146,2026-06-11,,whole blood,,ante-mortem,6
B-337,1945,2026-06-11,,whole blood,,ante-mortem,6
B-338,B-112,2026-06-11,,whole blood,,ante-mortem,6
B-339,B-121,2026-06-11,,whole blood,,ante-mortem,6
B-340,B-166,2026-06-11,,whole blood,,ante-mortem,6
B-341,1901,2026-06-11,,whole blood,,ante-mortem,6
B-342,1941,2026-06-11,,whole blood,,ante-mortem,6
B-343,B-120,2026-06-11,,whole blood,,ante-mortem,9
B-344,O-37,2026-06-11,,whole blood,,ante-mortem,9
B-345,1946,2026-06-11,,whole blood,,ante-mortem,9
B-346,B-109,2026-06-11,,whole blood,,ante-mortem,9
B-347,B-155,2026-06-11,,whole blood,,ante-mortem,9
B-348,1942,2026-06-11,,whole blood,,ante-mortem,12
B-349,B-146,2026-06-11,,whole blood,,ante-mortem,12
B-350,1945,2026-06-11,,whole blood,,ante-mortem,12
B-351,B-112,2026-06-11,,whole blood,,ante-mortem,12
B-352,B-121,2026-06-11,,whole blood,,ante-mortem,12
B-353,B-166,2026-06-11,,whole blood,,ante-mortem,12
B-354,1901,2026-06-11,,whole blood,,ante-mortem,12
B-355,1941,2026-06-11,,whole blood,,ante-mortem,12
B-356,1944,2026-06-11,,whole blood,,ante-mortem,12
B-357,Y-16,2026-06-11,,whole blood,,ante-mortem,12
B-358,Y-18,,,whole blood,,ante-mortem,12
B-359,1905,,,whole blood,,ante-mortem,12
B-360,B-167,,,whole blood,,ante-mortem,12
B-361,1904,,,whole blood,,ante-mortem,12
B-362,1943,,,whole blood,,ante-mortem,12
B-363,O-39,,,whole blood,,ante-mortem,12
B-364,Y-15,,,whole blood,,ante-mortem,12
B-365,B-204,,,whole blood,,ante-mortem,12
B-366,B-206,,,whole blood,,ante-mortem,12
B-367,B-199,,,whole blood,,ante-mortem,12
B-368,Y-23,,,whole blood,,ante-mortem,12
B-369,B-158,,,whole blood,,ante-mortem,12
B-370,B-161,,,whole blood,,ante-mortem,12
B-371,B-119,,,whole blood,,ante-mortem,12
B-372,B120,,,whole blood,,ante-mortem,12
B-373,O-37,,,whole blood,,ante-mortem,12
B-374,1946,,,whole blood,,ante-mortem,12
B-375,B-109,,,whole blood,,ante-mortem,12
B-376,B-155,,,whole blood,,ante-mortem,12
B-377,1942,,,whole blood,,ante-mortem,15
B-378,B-146,,,whole blood,,ante-mortem,15
B-379,1945,,,whole blood,,ante-mortem,15
B-380,B-112,,,whole blood,,ante-mortem,15
B-381,B-121,,,whole blood,,ante-mortem,15
B-382,B-166,,,whole blood,,ante-mortem,15
B-383,1901,,,whole blood,,ante-mortem,15
B-384,1941,,,whole blood,,ante-mortem,15
B-385,1944,,,whole blood,,ante-mortem,15
B-386,Y-16,,,whole blood,,ante-mortem,15
