"Sample IDs","Tissue","Dilutions","MPR","MS","TtT","RAF","Assay"
"P",NA,-3,9.69871794871795,4.54273493333333,11.6939102564103,0.0855145950390572,"RT-QuIC"
"B-146","RAMALT",-2,33.1645569620253,26.4247538666667,27.775,0.036003600360036,"RT-QuIC"
"1945","RAMALT",-2,19.9531772575251,14.6934225333333,19.1307692307692,0.0522718134298351,"RT-QuIC"
"B-112","RAMALT",-2,21.7955555555556,3.16444453333333,28.6447368421053,0.0349104271933854,"RT-QuIC"
"B-121","RAMALT",-2,18.2323651452282,2.439834,38.7931034482759,0.0257777777777778,"RT-QuIC"
"B-166","RAMALT",-2,18.9384615384615,2.33846146666667,32.4345238095238,0.0308313452009543,"RT-QuIC"
"1901","RAMALT",-2,33.094262295082,23.9125684,20.1333333333333,0.0496688741721854,"RT-QuIC"
"1941","RAMALT",-2,17.9414414414414,2.7927928,21.7821428571429,0.0459091654369569,"RT-QuIC"
"1944","RAMALT",-2,28.362962962963,11.3530864,17.1737804878049,0.0582282975323984,"RT-QuIC"
"Y-18","RAMALT",-2,20.7875,3.27777773333333,26.5381944444444,0.0376815386628287,"RT-QuIC"
"B-167","RAMALT",-2,1.2020202020202,1.14478133333333,72,0.0138888888888889,"RT-QuIC"
"B-227","RAMALT",-2,1.11157024793388,0.92562,72,0.0138888888888889,"RT-QuIC"
"P",NA,-3,7.9915014164306,6.61000933333333,14.2665615141956,0.0700939745715865,"RT-QuIC"
"B-146","RAMALT",-2,26.3038461538462,23.7179486666667,17.259375,0.057939525620134,"RT-QuIC"
"1945","RAMALT",-2,21.8643533123028,17.4973712,12.06625,0.0828757899098726,"RT-QuIC"
"B-112","RAMALT",-2,19.5973451327434,1.8879056,31.0055555555556,0.0322522845368214,"RT-QuIC"
"B-121","RAMALT",-2,1.17054263565891,1.22997466666667,72,0.0138888888888889,"RT-QuIC"
"B-166","RAMALT",-2,16.6241134751773,1.574468,52.4827586206897,0.019053876478318,"RT-QuIC"
"1901","RAMALT",-2,25.7611336032389,5.58704453333333,17.7421875,0.0563628357551739,"RT-QuIC"
"1941","RAMALT",-2,10.6554621848739,1.394958,62.1311475409836,0.0160949868073879,"RT-QuIC"
"1944","RAMALT",-2,17.6398601398601,2.4988344,22.165,0.0451161741484322,"RT-QuIC"
"Y-18","RAMALT",-2,19.6734693877551,2.41632653333333,29.5263157894737,0.0338680926916221,"RT-QuIC"
"B-167","RAMALT",-2,1.1697247706422,1.36391466666667,72,0.0138888888888889,"RT-QuIC"
"B-227","RAMALT",-2,1.125,1.03645866666667,72,0.0138888888888889,"RT-QuIC"
"P",NA,-3,8.74567901234568,4.8427984,13.2665662650602,0.0753774548756953,"RT-QuIC"
"B-146","RAMALT",-2,35.5433070866142,28.3937008,18.4861111111111,0.0540946656649136,"RT-QuIC"
"1945","RAMALT",-2,19.5847953216374,16.245614,9.64311594202899,0.103700920533534,"RT-QuIC"
"B-112","RAMALT",-2,1.18454935622318,1.25894133333333,72,0.0138888888888889,"RT-QuIC"
"B-121","RAMALT",-2,1.18217054263566,1.24547866666667,72,0.0138888888888889,"RT-QuIC"
"B-166","RAMALT",-2,9.48056537102473,1.17314533333333,53.4054054054054,0.0187246963562753,"RT-QuIC"
"1901","RAMALT",-2,24.9918367346939,5.15374146666667,19.1778846153846,0.0521433943344196,"RT-QuIC"
"1941","RAMALT",-2,11.9256198347107,1.300276,55.2012195121951,0.018115541809345,"RT-QuIC"
"1944","RAMALT",-2,22.4137931034483,2.95172413333333,25.7439024390244,0.0388441496920891,"RT-QuIC"
"Y-18","RAMALT",-2,14.8911290322581,1.27957,44.5,0.0224719101123595,"RT-QuIC"
"B-167","RAMALT",-2,1.14611872146119,1.144596,72,0.0138888888888889,"RT-QuIC"
"B-227","RAMALT",-2,1.13492063492063,1.00529066666667,72,0.0138888888888889,"RT-QuIC"
"P",NA,-3,8.62935323383085,5.43283573333333,8.56617647058824,0.116738197424893,"RT-QuIC"
"B-146","RAMALT",-2,25.3031496062992,23.4698162666667,17.3506493506494,0.0576347305389222,"RT-QuIC"
"1945","RAMALT",-2,21.4012345679012,18.6543209333333,10.2777777777778,0.0972972972972973,"RT-QuIC"
"B-112","RAMALT",-2,1.188,1.104,72,0.0138888888888889,"RT-QuIC"
"B-121","RAMALT",-2,1.15,1.11794933333333,72,0.0138888888888889,"RT-QuIC"
"B-166","RAMALT",-2,14.9448051948052,1.155844,46.1887755102041,0.021650281674583,"RT-QuIC"
"1901","RAMALT",-2,27.1349206349206,6.03174613333333,21.1847826086957,0.0472036942021549,"RT-QuIC"
"1941","RAMALT",-2,14.5551181102362,1.60104986666667,38.8679245283019,0.0257281553398058,"RT-QuIC"
"1944","RAMALT",-2,17.5597269624573,1.86575666666667,23.8023255813953,0.0420127015144113,"RT-QuIC"
"Y-18","RAMALT",-2,17.7741935483871,1.5,28.96875,0.0345199568500539,"RT-QuIC"
"B-167","RAMALT",-2,1.18433179723502,1.17357866666667,72,0.0138888888888889,"RT-QuIC"
"B-227","RAMALT",-2,1.11328125,0.947917333333333,72,0.0138888888888889,"RT-QuIC"
"N",NA,-3,1.40866873065015,1.15170266666667,72,0.0138888888888889,"RT-QuIC"
"B-146","RAMALT",-3,16.6833333333333,12.7733333333333,14.3381294964029,0.0697441043652785,"RT-QuIC"
"1945","RAMALT",-3,13.9798657718121,11.4586130666667,16.9945054945055,0.0588425476883285,"RT-QuIC"
"B-112","RAMALT",-3,11.0831168831169,8.0069264,16.2310344827586,0.0616103675377098,"RT-QuIC"
"B-121","RAMALT",-3,17.3711340206186,11.2256586666667,13.78125,0.072562358276644,"RT-QuIC"
"B-166","RAMALT",-3,18.0098039215686,10.6143792,13.7746913580247,0.0725969079094779,"RT-QuIC"
"1901","RAMALT",-3,10.4107744107744,5.10886653333333,17.8005952380952,0.0561778966727972,"RT-QuIC"
"1941","RAMALT",-3,20.3954248366013,10.7015250666667,13.8527397260274,0.0721878862793572,"RT-QuIC"
"1944","RAMALT",-3,18.3503184713376,10.9087048,12.8708791208791,0.0776947705442903,"RT-QuIC"
"Y-18","RAMALT",-3,16.2147651006711,8.25950773333333,14.809375,0.0675247942603925,"RT-QuIC"
"B-167","RAMALT",-3,12.8581081081081,9.7972972,14.4768518518519,0.0690757914934442,"RT-QuIC"
"B-227","RAMALT",-3,1.2012987012987,0.688311733333333,72,0.0138888888888889,"RT-QuIC"
"N",NA,-3,1.27525252525253,0.922559466666667,72,0.0138888888888889,"RT-QuIC"
"B-146","RAMALT",-3,18.1208053691275,13.409396,13.0154028436019,0.076832043695949,"RT-QuIC"
"1945","RAMALT",-3,17.5302013422819,12.0178970666667,17.3459595959596,0.0576503130004367,"RT-QuIC"
"B-112","RAMALT",-3,17.7966666666667,14.4311110666667,12.5,0.08,"RT-QuIC"
"B-121","RAMALT",-3,16.0197368421053,12.2105264,12.4487179487179,0.0803295571575695,"RT-QuIC"
"B-166","RAMALT",-3,18.1170886075949,11.9915612,12.2713815789474,0.0814904168342045,"RT-QuIC"
"1901","RAMALT",-3,17.2210884353741,10.2494330666667,14.0661157024793,0.0710928319623972,"RT-QuIC"
"1941","RAMALT",-3,17.2211538461538,8.97435893333333,12.045,0.08302200083022,"RT-QuIC"
"1944","RAMALT",-3,16.9905660377358,11.0020965333333,11.0497076023392,0.090500132310135,"RT-QuIC"
"Y-18","RAMALT",-3,16.588996763754,9.49298813333333,12.5222222222222,0.0798580301685892,"RT-QuIC"
"B-167","RAMALT",-3,14.1939799331104,11.3756968,12.4305555555556,0.0804469273743017,"RT-QuIC"
"B-227","RAMALT",-3,1.35714285714286,0.783549333333333,72,0.0138888888888889,"RT-QuIC"
"N",NA,-3,1.38069705093834,1.025916,72,0.0138888888888889,"RT-QuIC"
"B-146","RAMALT",-3,17.8724832214765,13.7807605333333,12.2011173184358,0.081959706959707,"RT-QuIC"
"1945","RAMALT",-3,12.2116040955631,10.6029578666667,16.0985221674877,0.0621175030599755,"RT-QuIC"
"B-112","RAMALT",-3,16.5117056856187,12.7402453333333,11.051652892562,0.0904842026547018,"RT-QuIC"
"B-121","RAMALT",-3,16.1921824104235,10.9663409333333,12.0980392156863,0.0826580226904376,"RT-QuIC"
"B-166","RAMALT",-3,11.9145569620253,10.3797468,12.675,0.0788954635108481,"RT-QuIC"
"1901","RAMALT",-3,17.7233333333333,11.6133333333333,15.390625,0.0649746192893401,"RT-QuIC"
"1941","RAMALT",-3,15.0862619808307,8.225772,11.5886524822695,0.0862913096695226,"RT-QuIC"
"1944","RAMALT",-3,16.4826498422713,10.1661409333333,10.0305907172996,0.0996950257650647,"RT-QuIC"
"Y-18","RAMALT",-3,11.0771704180064,6.81243293333333,12.1332335329341,0.0824182603331277,"RT-QuIC"
"B-167","RAMALT",-3,16.4865771812081,11.9776286666667,13.7234042553191,0.0728682170542636,"RT-QuIC"
"B-227","RAMALT",-3,1.32903225806452,0.705376666666667,72,0.0138888888888889,"RT-QuIC"
"N",NA,-3,1.36411609498681,0.890061333333333,72,0.0138888888888889,"RT-QuIC"
"B-146","RAMALT",-3,15.8613861386139,12.1056105333333,11.6140350877193,0.0861027190332326,"RT-QuIC"
"1945","RAMALT",-3,16.1535836177474,9.0648464,15.0038961038961,0.0666493551458496,"RT-QuIC"
"B-112","RAMALT",-3,17.5395189003436,12.742268,12.8396226415094,0.0778839088905217,"RT-QuIC"
"B-121","RAMALT",-3,16.0580204778157,9.5745164,15.1420454545455,0.0660412757973734,"RT-QuIC"
"B-166","RAMALT",-3,13.1806451612903,7.78494626666667,11.6323529411765,0.0859671302149178,"RT-QuIC"
"1901","RAMALT",-3,15.2721088435374,10.4716553333333,14.7395209580838,0.0678448100751574,"RT-QuIC"
"1941","RAMALT",-3,16.4385382059801,9.22259146666667,11.7653846153846,0.084995096436744,"RT-QuIC"
"1944","RAMALT",-3,13.7515527950311,9.3623188,12.0285714285714,0.0831353919239905,"RT-QuIC"
"Y-18","RAMALT",-3,15.6845637583893,11.1051454666667,14.7008928571429,0.0680230792590343,"RT-QuIC"
"B-167","RAMALT",-3,16.9351535836177,11.098976,12.7974137931034,0.0781407881441563,"RT-QuIC"
"B-227","RAMALT",-3,6.6875,2.3947368,58.7055921052632,0.0170341523548035,"RT-QuIC"
"P",NA,-3,6.53947368421053,2.74035093333333,14.1111111111111,0.0708661417322835,"RT-QuIC"
"1904","RAMALT",-2,17.4551282051282,7.70512813333333,24.1605691056911,0.0413897535122403,"RT-QuIC"
"1943","RAMALT",-2,1.1047619047619,0.867725333333333,72,0.0138888888888889,"RT-QuIC"
"O-39","RAMALT",-2,15.3107142857143,9.23809533333333,19.2026515151515,0.0520761416313246,"RT-QuIC"
"1942","RPLN",-2,21.8170347003155,4.2229232,41.3306451612903,0.0241951219512195,"RT-QuIC"
"B-146","RPLN",-2,24.3550724637681,10.9758453333333,31.56875,0.0316768956642249,"RT-QuIC"
"1945","RPLN",-2,21.7701149425287,11.5900382666667,17.8952702702703,0.0558806871814235,"RT-QuIC"
"B-112","RPLN",-2,2.54849498327759,0.735785333333333,70.484375,0.0141875415650632,"RT-QuIC"
"B-121","RPLN",-2,1.05956112852665,0.743991733333333,72,0.0138888888888889,"RT-QuIC"
"B-166","RPLN",-2,23.3657817109145,23.4454277333333,19.5729166666667,0.0510910058541778,"RT-QuIC"
"1901","RPLN",-2,1.11469534050179,0.740740666666667,72,0.0138888888888889,"RT-QuIC"
"1941","RPLN",-2,46.6822742474916,41.1817168,25.6071428571429,0.0390516039051604,"RT-QuIC"
"P",NA,-3,6.37378640776699,3.5210356,15.0289855072464,0.0665380906460945,"RT-QuIC"
"1904","RAMALT",-2,23.0538922155689,4.83433133333333,32.698275862069,0.0305826522541524,"RT-QuIC"
"1943","RAMALT",-2,1.15105740181269,1.055388,72,0.0138888888888889,"RT-QuIC"
"O-39","RAMALT",-2,15.4210526315789,11.0175438666667,13.7528735632184,0.0727120768909319,"RT-QuIC"
"1942","RPLN",-2,17.9418604651163,1.93023253333333,47.575,0.0210194429847609,"RT-QuIC"
"B-146","RPLN",-2,1.13356164383562,0.849314666666667,72,0.0138888888888889,"RT-QuIC"
"1945","RPLN",-2,24.8086419753086,14.8641974666667,15.8611111111111,0.0630472854640981,"RT-QuIC"
"B-112","RPLN",-2,1.09354838709677,0.903225333333333,72,0.0138888888888889,"RT-QuIC"
"B-121","RPLN",-2,1.07309941520468,0.861598666666667,72,0.0138888888888889,"RT-QuIC"
"B-166","RPLN",-2,14.4926686217009,9.78690133333333,14.2028301886792,0.0704085021587512,"RT-QuIC"
"1901","RPLN",-2,1.10847457627119,0.849717066666667,72,0.0138888888888889,"RT-QuIC"
"1941","RPLN",-2,24.8914473684211,5.67543853333333,48.4565217391304,0.0206370569762225,"RT-QuIC"
"P",NA,-3,5.7741935483871,3.12135186666667,17.9107142857143,0.0558325024925224,"RT-QuIC"
"1904","RAMALT",-2,29.325,12.0875,29.6014492753623,0.0337821297429621,"RT-QuIC"
"1943","RAMALT",-2,1.17197452229299,1.11677333333333,72,0.0138888888888889,"RT-QuIC"
"O-39","RAMALT",-2,14.205298013245,11.4172185333333,12.3737623762376,0.0808161632326465,"RT-QuIC"
"1942","RPLN",-2,7.3728323699422,0.9980732,60.1346153846154,0.0166293572113847,"RT-QuIC"
"B-146","RPLN",-2,1.15384615384615,0.839161333333333,72,0.0138888888888889,"RT-QuIC"
"1945","RPLN",-2,16.9857142857143,11.9428570666667,11.3442857142857,0.0881501070394157,"RT-QuIC"
"B-112","RPLN",-2,19.2269736842105,4.06140346666667,54.3863636363636,0.0183869619724196,"RT-QuIC"
"B-121","RPLN",-2,1.12111801242236,0.915113333333333,72,0.0138888888888889,"RT-QuIC"
"B-166","RPLN",-2,23.9701492537313,16.5253730666667,23.5105421686747,0.0425341105630645,"RT-QuIC"
"1901","RPLN",-2,1.12014134275618,0.833922666666667,72,0.0138888888888889,"RT-QuIC"
"1941","RPLN",-2,1.13651877133106,0.94198,72,0.0138888888888889,"RT-QuIC"
"P",NA,-3,7.52666666666667,2.8296296,16.6092592592593,0.0602073809789274,"RT-QuIC"
"1904","RAMALT",-2,16.9883040935673,1.96881093333333,23.8222222222222,0.0419776119402985,"RT-QuIC"
"1943","RAMALT",-2,1.13173652694611,0.914172,72,0.0138888888888889,"RT-QuIC"
"O-39","RAMALT",-2,14.6610738255034,9.35123053333333,16.45,0.060790273556231,"RT-QuIC"
"1942","RPLN",-2,6.08459214501511,0.966768,61.7321428571429,0.0161990164882846,"RT-QuIC"
"B-146","RPLN",-2,1.16151202749141,0.792669333333333,72,0.0138888888888889,"RT-QuIC"
"1945","RPLN",-2,16.0752688172043,10.157706,12.0344036697248,0.0830951019630265,"RT-QuIC"
"B-112","RPLN",-2,1.18918918918919,0.950450666666667,72,0.0138888888888889,"RT-QuIC"
"B-121","RPLN",-2,1.18296529968454,1.009464,72,0.0138888888888889,"RT-QuIC"
"B-166","RPLN",-2,23.4668587896254,13.3102785333333,20.5120967741935,0.0487517200707686,"RT-QuIC"
"1901","RPLN",-2,1.12099644128114,0.844602666666667,72,0.0138888888888889,"RT-QuIC"
"1941","RPLN",-2,1.13468013468013,0.906846666666667,72,0.0138888888888889,"RT-QuIC"
"N",NA,-3,1.28835978835979,0.871252,72,0.0138888888888889,"RT-QuIC"
"1904","RAMALT",-3,8.54078549848943,4.8016112,18.1430412371134,0.0551175509624263,"RT-QuIC"
"1943","RAMALT",-3,10.3513513513514,5.45345346666667,15.4333333333333,0.0647948164146868,"RT-QuIC"
"O-39","RAMALT",-3,15.6355421686747,7,20.4465408805031,0.0489080282989849,"RT-QuIC"
"1942","RPLN",-3,14.2619047619048,10.5396825333333,16.291313559322,0.0613824045776709,"RT-QuIC"
"B-146","RPLN",-3,10.466049382716,6.617284,21.0548387096774,0.0474950206833155,"RT-QuIC"
"1945","RPLN",-3,9.36708860759494,5.47257386666667,13.9891304347826,0.0714840714840715,"RT-QuIC"
"B-112","RPLN",-3,11.2944785276074,6.20449893333333,19.4955357142857,0.0512937943668422,"RT-QuIC"
"B-121","RPLN",-3,6.86163522012579,4.230608,17.9518633540373,0.0557045238301185,"RT-QuIC"
"B-166","RPLN",-3,12.3012422360248,5.82608706666667,16.1,0.062111801242236,"RT-QuIC"
"1901","RPLN",-3,9.18849840255591,5.77635786666667,21.2683823529412,0.0470181503889369,"RT-QuIC"
"1941","RPLN",-3,12.9555555555556,5.35873013333333,14.8901869158879,0.0671583241801349,"RT-QuIC"
"N",NA,-3,1.27226463104326,0.848176,72,0.0138888888888889,"RT-QuIC"
"1904","RAMALT",-3,12.5970149253731,7.1840796,16.0348837209302,0.0623640319071791,"RT-QuIC"
"1943","RAMALT",-3,13.3435754189944,8.5325884,12.57,0.0795544948289578,"RT-QuIC"
"O-39","RAMALT",-3,10.3410404624277,8.05394986666667,17.8088235294118,0.0561519405450041,"RT-QuIC"
"1942","RPLN",-3,11.4294117647059,7.11764706666667,15.6439393939394,0.0639225181598063,"RT-QuIC"
"B-146","RPLN",-3,10.7797619047619,4.50396826666667,18.5785256410256,0.053825584404382,"RT-QuIC"
"1945","RPLN",-3,13.36,5.12380946666667,12.1769230769231,0.082122552116235,"RT-QuIC"
"B-112","RPLN",-3,17.6450617283951,11.4403293333333,16.416095890411,0.0609158235110045,"RT-QuIC"
"B-121","RPLN",-3,11.575,7.1625,16.3984375,0.0609814197236779,"RT-QuIC"
"B-166","RPLN",-3,10.5457227138643,4.892822,13.7079207920792,0.072950523654749,"RT-QuIC"
"1901","RPLN",-3,18.2222222222222,17.125926,20.575,0.0486026731470231,"RT-QuIC"
"1941","RPLN",-3,13.4254658385093,6.22360253333333,13.76,0.0726744186046512,"RT-QuIC"
"N",NA,-3,1.26172839506173,0.763785866666666,72,0.0138888888888889,"RT-QuIC"
"1904","RAMALT",-3,25.1211180124224,15.2795030666667,12.9028925619835,0.077502001601281,"RT-QuIC"
"1943","RAMALT",-3,7.85714285714286,6.0228572,16.34375,0.0611854684512428,"RT-QuIC"
"O-39","RAMALT",-3,10.0484848484848,6.88484853333333,15.6265306122449,0.0639937312263289,"RT-QuIC"
"1942","RPLN",-3,16.4732142857143,7.65476186666667,14.3543956043956,0.0696650717703349,"RT-QuIC"
"B-146","RPLN",-3,13.5818713450292,6.61988306666667,17.1322463768116,0.058369461774347,"RT-QuIC"
"1945","RPLN",-3,11.8205882352941,8.81568626666667,11.7626146788991,0.0850151116310812,"RT-QuIC"
"B-112","RPLN",-3,14.0205882352941,7.06666666666667,17.0512820512821,0.0586466165413534,"RT-QuIC"
"B-121","RPLN",-3,10.9130434782609,6.47204973333333,15.1794117647059,0.0658787056771943,"RT-QuIC"
"B-166","RPLN",-3,10.7694610778443,6.66267466666667,13.3674033149171,0.0748088448026452,"RT-QuIC"
"1901","RPLN",-3,8.71646341463415,6.4471544,18.8911917098446,0.0529347229840922,"RT-QuIC"
"1941","RPLN",-3,14.096875,11.3041666666667,12.7892670157068,0.0781905639136219,"RT-QuIC"
"N",NA,-3,1.27790973871734,0.665082933333333,72,0.0138888888888889,"RT-QuIC"
"1904","RAMALT",-3,8.54545454545454,5.2282828,12.715625,0.0786434013271074,"RT-QuIC"
"1943","RAMALT",-3,13.8466076696165,8.5781712,16.3071428571429,0.0613228208497591,"RT-QuIC"
"O-39","RAMALT",-3,7.59428571428571,5.22666666666667,15.5036231884058,0.0645010516475812,"RT-QuIC"
"1942","RPLN",-3,14.4090909090909,8.70454546666667,13.8798076923077,0.0720471077242813,"RT-QuIC"
"B-146","RPLN",-3,14.6103896103896,7.93073586666667,14.9350282485876,0.0669566862114621,"RT-QuIC"
"1945","RPLN",-3,14.1348973607038,5.78690133333333,12.1640625,0.0822093770070649,"RT-QuIC"
"B-112","RPLN",-3,10.9341317365269,8.24750493333333,15.7410071942446,0.0635283363802559,"RT-QuIC"
"B-121","RPLN",-3,13.9446153846154,8.8492308,13.3852941176471,0.0747088551966601,"RT-QuIC"
"B-166","RPLN",-3,13.6848484848485,8.080808,11.6444444444444,0.0858778625954199,"RT-QuIC"
"1901","RPLN",-3,9.15562913907285,6.93156733333333,22.7178571428571,0.0440182361263952,"RT-QuIC"
"1941","RPLN",-3,12.8694267515924,7.21443746666667,11.4285714285714,0.0875,"RT-QuIC"
"P",NA,-3,5.85770750988142,2.98287213333333,19.1205357142857,0.0522997898669157,"RT-QuIC"
"1944","RPLN",-2,30.3052884615385,17.0384616,20.7753164556962,0.0481340441736481,"RT-QuIC"
"Y-18","RPLN",-2,1.06392694063927,0.806697333333333,72,0.0138888888888889,"RT-QuIC"
"1905","RPLN",-2,23.7453703703704,10.6203704,19.3383838383838,0.0517106294071559,"RT-QuIC"
"B-167","RPLN",-2,17.4834905660377,10.1981132,41.6556603773585,0.0240063412977013,"RT-QuIC"
"B-227","RPLN",-2,1.11111111111111,0.726632,72,0.0138888888888889,"RT-QuIC"
"1904","RPLN",-2,1.11653116531165,0.791328,72,0.0138888888888889,"RT-QuIC"
"1943","RPLN",-2,1.08108108108108,0.6594588,72,0.0138888888888889,"RT-QuIC"
"O-39","RPLN",-2,17.2474747474747,11.7306397333333,15.6559633027523,0.0638734251391737,"RT-QuIC"
"P",NA,-3,6.17700729927007,1.81995133333333,15.6701030927835,0.0638157894736842,"RT-QuIC"
"1944","RPLN",-2,25.7342342342342,13.891892,14.3870192307692,0.0695071010860485,"RT-QuIC"
"Y-18","RPLN",-2,1.11926605504587,0.990825333333333,72,0.0138888888888889,"RT-QuIC"
"1905","RPLN",-2,25.0263157894737,16.8070176,18.3590277777778,0.0544691152551348,"RT-QuIC"
"B-167","RPLN",-2,26.7620087336245,20.3784570666667,30.6567164179104,0.0326192794547225,"RT-QuIC"
"B-227","RPLN",-2,1.11325301204819,0.790361333333333,72,0.0138888888888889,"RT-QuIC"
"1904","RPLN",-2,1.11111111111111,0.823428,72,0.0138888888888889,"RT-QuIC"
"1943","RPLN",-2,1.11891891891892,0.724324,72,0.0138888888888889,"RT-QuIC"
"O-39","RPLN",-2,17.175,9.98333333333333,13.978515625,0.0715383540589632,"RT-QuIC"
"P",NA,-3,5.62412587412587,2.47086253333333,11.3772189349112,0.0878949421401638,"RT-QuIC"
"1944","RPLN",-2,24.353982300885,11.9764012,14.3243243243243,0.069811320754717,"RT-QuIC"
"Y-18","RPLN",-2,1.12385321100917,0.877676,72,0.0138888888888889,"RT-QuIC"
"1905","RPLN",-2,23.1169977924945,15.2347314666667,23.7768691588785,0.0420576819142141,"RT-QuIC"
"B-167","RPLN",-2,28.5579868708972,24.1342085333333,33.426724137931,0.0299161831076725,"RT-QuIC"
"B-227","RPLN",-2,1.14939759036145,0.928514666666667,72,0.0138888888888889,"RT-QuIC"
"1904","RPLN",-2,1.16058394160584,0.924574666666667,72,0.0138888888888889,"RT-QuIC"
"1943","RPLN",-2,1.13297872340426,0.957446666666667,72,0.0138888888888889,"RT-QuIC"
"O-39","RPLN",-2,13.9213759213759,7.02702693333333,12.9011976047904,0.077512183801346,"RT-QuIC"
"P",NA,-3,5.55008488964346,1.58913413333333,16.1838842975207,0.0617898633984425,"RT-QuIC"
"1944","RPLN",-2,32.9494505494505,12.3018314666667,14.2946428571429,0.0699562773266708,"RT-QuIC"
"Y-18","RPLN",-2,1.0979020979021,0.786325333333333,72,0.0138888888888889,"RT-QuIC"
"1905","RPLN",-2,16.1957894736842,4.67649133333333,33.890625,0.0295066851083449,"RT-QuIC"
"B-167","RPLN",-2,19.9252747252747,8.0205128,30.1186440677966,0.0332020258863253,"RT-QuIC"
"B-227","RPLN",-2,1.11893203883495,0.834952,72,0.0138888888888889,"RT-QuIC"
"1904","RPLN",-2,1.1575,0.94,72,0.0138888888888889,"RT-QuIC"
"1943","RPLN",-2,1.11053984575835,0.695801333333333,72,0.0138888888888889,"RT-QuIC"
"O-39","RPLN",-2,16.0938271604938,8.58600813333333,13.53125,0.0739030023094688,"RT-QuIC"
"N",NA,-3,1.23943661971831,0.845069866666667,72,0.0138888888888889,"RT-QuIC"
"1944","RPLN",-3,7.53117782909931,4.3079292,19.1903225806452,0.052109598251807,"RT-QuIC"
"Y-18","RPLN",-3,6.98672566371681,3.36283173333333,22.5357142857143,0.0443740095087163,"RT-QuIC"
"1905","RPLN",-3,9.16122004357299,4.90922293333333,18.6016355140187,0.0537587138102116,"RT-QuIC"
"B-167","RPLN",-3,10.2542372881356,4.84745773333333,18.7765363128492,0.0532579589407914,"RT-QuIC"
"B-227","RPLN",-3,1.08185840707965,0.519174666666667,72,0.0138888888888889,"RT-QuIC"
"1904","RPLN",-3,20.5743707093822,15.2799390666667,20.0619658119658,0.049845563957823,"RT-QuIC"
"1943","RPLN",-3,8.59684684684685,4.2612612,20.0858778625954,0.0497862232779097,"RT-QuIC"
"O-39","RPLN",-3,7.93023255813953,3.36434106666667,22.7612179487179,0.0439343800605506,"RT-QuIC"
"N",NA,-3,1.1768826619965,0.7659076,72,0.0138888888888889,"RT-QuIC"
"1944","RPLN",-3,29.6741573033708,11.718352,14.7516339869281,0.0677891005759858,"RT-QuIC"
"Y-18","RPLN",-3,7.99565217391304,3.33913053333333,22.4131097560976,0.0446167448819969,"RT-QuIC"
"1905","RPLN",-3,11.6942148760331,5.55922866666667,13.1593886462882,0.0759913721586195,"RT-QuIC"
"B-167","RPLN",-3,8.69709543568465,4.7081604,20.6020408163265,0.0485388806339772,"RT-QuIC"
"B-227","RPLN",-3,1.14316239316239,0.484330666666667,72,0.0138888888888889,"RT-QuIC"
"1904","RPLN",-3,9.80694143167028,4.97758493333333,17.2584033613445,0.0579427875836884,"RT-QuIC"
"1943","RPLN",-3,11.86230248307,7.9127164,18.4403669724771,0.054228855721393,"RT-QuIC"
"O-39","RPLN",-3,8.98214285714286,3.24107133333333,13.2895256916996,0.075247230277344,"RT-QuIC"
"N",NA,-3,1.20970537261698,0.771808533333333,72,0.0138888888888889,"RT-QuIC"
"1944","RPLN",-3,10.2204545454545,5.76363626666667,15.2267441860465,0.0656739213440244,"RT-QuIC"
"Y-18","RPLN",-3,14.364238410596,7.69389253333333,22.1185714285714,0.0452108764451334,"RT-QuIC"
"1905","RPLN",-3,8.79830148619958,4.7615004,14.7979797979798,0.0675767918088737,"RT-QuIC"
"B-167","RPLN",-3,10.1910828025478,5.9079972,15.612012987013,0.0640532390558386,"RT-QuIC"
"B-227","RPLN",-3,1.14935064935065,0.528138666666667,72,0.0138888888888889,"RT-QuIC"
"1904","RPLN",-3,12.5343347639485,7.18168813333333,18.7987804878049,0.0531949399935128,"RT-QuIC"
"1943","RPLN",-3,12.3413566739606,6.5441284,17.030303030303,0.0587188612099644,"RT-QuIC"
"O-39","RPLN",-3,10.7615740740741,4.9907408,19.9267955801105,0.0501836833714563,"RT-QuIC"
"N",NA,-3,1.19031141868512,0.735871333333333,72,0.0138888888888889,"RT-QuIC"
"1944","RPLN",-3,13.7723214285714,8.12202373333333,12.5055555555556,0.0799644602398934,"RT-QuIC"
"Y-18","RPLN",-3,7.29954954954955,3.74774773333333,15.5920542635659,0.0641352308744018,"RT-QuIC"
"1905","RPLN",-3,8.86382978723404,4.33191493333333,13.3971631205674,0.0746426680783483,"RT-QuIC"
"B-167","RPLN",-3,10.2252631578947,4.5726316,14.9318181818182,0.0669710806697108,"RT-QuIC"
"B-227","RPLN",-3,1.15652173913043,0.472464,72,0.0138888888888889,"RT-QuIC"
"1904","RPLN",-3,14.1832946635731,9.0239752,14.6316872427984,0.0683448178877795,"RT-QuIC"
"1943","RPLN",-3,11.1038374717833,6.45297213333333,15.4509803921569,0.0647208121827411,"RT-QuIC"
"O-39","RPLN",-3,12.3248847926267,7.686636,18.0483333333333,0.0554067780958537,"RT-QuIC"
"P",NA,-3,10.280442804428,4.66666666666667,7.09083333333333,0.141027147725937,"Nano-QuIC"
"B-146","RAMALT",-2,8.86993603411514,3.00497506666667,16.7395833333333,0.059738643434972,"Nano-QuIC"
"1945","RAMALT",-2,10.6061776061776,4.4607464,12.2630718954248,0.081545636242505,"Nano-QuIC"
"B-112","RAMALT",-2,10.2919540229885,2.20076666666667,25.7857142857143,0.0387811634349031,"Nano-QuIC"
"B-121","RAMALT",-2,2.69807280513919,2.22127066666667,30.3809523809524,0.0329153605015674,"Nano-QuIC"
"B-166","RAMALT",-2,10.7331975560081,3.77460973333333,14.2868217054264,0.069994574064026,"Nano-QuIC"
"1901","RAMALT",-2,12.4988913525499,2.98891346666667,20.7672413793103,0.0481527604815276,"Nano-QuIC"
"1941","RAMALT",-2,11.5665137614679,3.4495412,17.6704545454545,0.0565916398713826,"Nano-QuIC"
"1944","RAMALT",-2,11.1422845691383,3.84235133333333,9.14949748743719,0.109295619936839,"Nano-QuIC"
"Y-18","RAMALT",-2,8.44351464435147,2.10878653333333,21.4677419354839,0.0465815176558978,"Nano-QuIC"
"B-167","RAMALT",-2,6.91106290672451,2.26174933333333,27.8636363636364,0.0358890701468189,"Nano-QuIC"
"B-227","RAMALT",-2,12.9504132231405,5.39393933333333,26.4821428571429,0.0377612946729602,"Nano-QuIC"
"P",NA,-3,8.16192170818505,4.5978648,7.54235727440147,0.13258454401172,"Nano-QuIC"
"B-146","RAMALT",-2,8.54526315789474,2.33543853333333,12.5888554216867,0.0794353391554014,"Nano-QuIC"
"1945","RAMALT",-2,10.6143410852713,3.92764853333333,13.7390350877193,0.0727853152434158,"Nano-QuIC"
"B-112","RAMALT",-2,2.79009433962264,2.35849066666667,24.65625,0.0405576679340938,"Nano-QuIC"
"B-121","RAMALT",-2,3.91925465838509,2.17253333333333,28.23,0.0354233085370174,"Nano-QuIC"
"B-166","RAMALT",-2,10.3822937625755,2.37692826666667,16.609375,0.0602069614299153,"Nano-QuIC"
"1901","RAMALT",-2,5.52391799544419,2.235384,25.22,0.0396510705789056,"Nano-QuIC"
"1941","RAMALT",-2,9.274231678487,2.405044,19.7983870967742,0.0505091649694501,"Nano-QuIC"
"1944","RAMALT",-2,12.501968503937,2.30446186666667,17.0375,0.0586940572267058,"Nano-QuIC"
"Y-18","RAMALT",-2,2.80421052631579,2.13614,31.6911764705882,0.031554524361949,"Nano-QuIC"
"B-167","RAMALT",-2,6.1932059447983,2.22222266666667,28.4666666666667,0.0351288056206089,"Nano-QuIC"
"B-227","RAMALT",-2,10.6961770623742,3.444668,29.75,0.0336134453781513,"Nano-QuIC"
"P",NA,-3,7.96539162112933,4.17243466666667,6.01482213438735,0.166255955314605,"Nano-QuIC"
"B-146","RAMALT",-2,8.68152866242038,2.2505308,12.8776223776224,0.0776540863426554,"Nano-QuIC"
"1945","RAMALT",-2,11.0297619047619,4.1111112,12.6648550724638,0.078958661135746,"Nano-QuIC"
"B-112","RAMALT",-2,4.7112676056338,2.28482,23.7222222222222,0.0421545667447307,"Nano-QuIC"
"B-121","RAMALT",-2,9.3172268907563,2.15406133333333,26.375,0.037914691943128,"Nano-QuIC"
"B-166","RAMALT",-2,8.55489021956088,2.62142386666667,23.75,0.0421052631578947,"Nano-QuIC"
"1901","RAMALT",-2,2.76869158878505,2.186916,24.4166666666667,0.0409556313993174,"Nano-QuIC"
"1941","RAMALT",-2,11.2027334851936,3.3591496,17.301724137931,0.0577977080219233,"Nano-QuIC"
"1944","RAMALT",-2,12.3489278752437,2.2664068,17.0735294117647,0.0585701981050818,"Nano-QuIC"
"Y-18","RAMALT",-2,2.76595744680851,2.102128,30.7142857142857,0.0325581395348837,"Nano-QuIC"
"B-167","RAMALT",-2,3.01918976545842,2.228856,28.55,0.0350262697022767,"Nano-QuIC"
"B-227","RAMALT",-2,10.5975855130785,2.91079813333333,30.9021739130435,0.0323601829053816,"Nano-QuIC"
"P",NA,-3,9.94444444444444,4.46990733333333,6.38134328358209,0.156706817916033,"Nano-QuIC"
"B-146","RAMALT",-2,9.08067940552017,2.2477,11.5107142857143,0.0868755817561278,"Nano-QuIC"
"1945","RAMALT",-2,10.9372549019608,3.87973853333333,15.1438679245283,0.066033328142034,"Nano-QuIC"
"B-112","RAMALT",-2,2.7129840546697,2.15945333333333,26.4210526315789,0.0378486055776892,"Nano-QuIC"
"B-121","RAMALT",-2,3.15843621399177,2.10150933333333,30.15625,0.033160621761658,"Nano-QuIC"
"B-166","RAMALT",-2,14.7326530612245,2.9959184,15.9402173913043,0.0627344016365496,"Nano-QuIC"
"1901","RAMALT",-2,2.71428571428571,2.059524,28.3214285714286,0.0353089533417402,"Nano-QuIC"
"1941","RAMALT",-2,10.5864485981308,2.19626133333333,20.7,0.0483091787439614,"Nano-QuIC"
"1944","RAMALT",-2,12.636546184739,2.95850066666667,15.1401515151515,0.0660495371528646,"Nano-QuIC"
"Y-18","RAMALT",-2,6.83651804670913,2.01273866666667,20.468085106383,0.0488565488565489,"Nano-QuIC"
"B-167","RAMALT",-2,5.07838983050847,2.14971733333333,29.0625,0.0344086021505376,"Nano-QuIC"
"B-227","RAMALT",-2,10.6770833333333,2.39722226666667,29.25,0.0341880341880342,"Nano-QuIC"
"N",NA,-3,2.36245353159851,1.682776,20.4679487179487,0.048856874412778,"Nano-QuIC"
"B-146","RAMALT",-3,11.4358452138493,3.63068573333333,6.59698275862069,0.151584449526299,"Nano-QuIC"
"1945","RAMALT",-3,12.6851851851852,4.340192,7.13322368421053,0.140189070786258,"Nano-QuIC"
"B-112","RAMALT",-3,10.4326530612245,3.94557813333333,10.2757731958763,0.0973162779031854,"Nano-QuIC"
"B-121","RAMALT",-3,10.2326043737575,4.14314106666667,9.34468085106383,0.107012750455373,"Nano-QuIC"
"B-166","RAMALT",-3,10.0868725868726,3.74774773333333,8.47183098591549,0.118038237738986,"Nano-QuIC"
"1901","RAMALT",-3,11.155737704918,3.77049173333333,8.32014388489209,0.120190229139645,"Nano-QuIC"
"1941","RAMALT",-3,10.1265060240964,3.77242306666667,9.24462365591398,0.108170979936028,"Nano-QuIC"
"1944","RAMALT",-3,10.3346228239845,4.10058026666667,7.61702127659574,0.131284916201117,"Nano-QuIC"
"Y-18","RAMALT",-3,10.3478260869565,3.541502,9.4076354679803,0.106296635685299,"Nano-QuIC"
"B-167","RAMALT",-3,10.5373737373737,4.15892253333333,10.0260416666667,0.0997402597402597,"Nano-QuIC"
"B-227","RAMALT",-3,2.95744680851064,1.58607333333333,19.5,0.0512820512820513,"Nano-QuIC"
"N",NA,-3,2.40566037735849,1.421384,18.5263157894737,0.0539772727272727,"Nano-QuIC"
"B-146","RAMALT",-3,13.9166666666667,4.53658533333333,8.58699324324324,0.116455198190223,"Nano-QuIC"
"1945","RAMALT",-3,10.4163346613546,3.95750333333333,8.35405405405405,0.119702361695244,"Nano-QuIC"
"B-112","RAMALT",-3,10.8181818181818,4.7488216,7.88526912181303,0.126818753368062,"Nano-QuIC"
"B-121","RAMALT",-3,10.0153256704981,3.4048532,10.3939075630252,0.0962102071753411,"Nano-QuIC"
"B-166","RAMALT",-3,10.9009900990099,4.24554453333333,8.46621621621622,0.118116520351157,"Nano-QuIC"
"1901","RAMALT",-3,9.78793774319066,4.3346304,9.62755102040816,0.10386857445681,"Nano-QuIC"
"1941","RAMALT",-3,10.4880952380952,4.02910053333333,9.09788732394366,0.109915628144593,"Nano-QuIC"
"1944","RAMALT",-3,9.72075471698113,3.93962266666667,9.08333333333333,0.110091743119266,"Nano-QuIC"
"Y-18","RAMALT",-3,10.5108055009823,4.2226588,9.98201438848921,0.10018018018018,"Nano-QuIC"
"B-167","RAMALT",-3,9.35037878787879,4.27525253333333,10.2689473684211,0.0973809645840808,"Nano-QuIC"
"B-227","RAMALT",-3,2.74468085106383,1.56802,21.7954545454545,0.045881126173097,"Nano-QuIC"
"N",NA,-3,2.30313588850174,1.52380933333333,22.9711538461538,0.0435328589367936,"Nano-QuIC"
"B-146","RAMALT",-3,10.8225806451613,4.76075266666667,8.87244897959184,0.112708453133985,"Nano-QuIC"
"1945","RAMALT",-3,11.0208333333333,4.33611106666667,9.30034324942792,0.107522913206619,"Nano-QuIC"
"B-112","RAMALT",-3,11.9292929292929,4.91582493333333,9.66382978723404,0.103478643769265,"Nano-QuIC"
"B-121","RAMALT",-3,11.6127167630058,3.92292866666667,9.21929824561403,0.108468125594672,"Nano-QuIC"
"B-166","RAMALT",-3,10.4285714285714,4.23166026666667,9.1875,0.108843537414966,"Nano-QuIC"
"1901","RAMALT",-3,11.580121703854,4.96822186666667,9.57802547770701,0.104405652535328,"Nano-QuIC"
"1941","RAMALT",-3,10.6838966202783,4.57521533333333,9.26776649746193,0.107900862659181,"Nano-QuIC"
"1944","RAMALT",-3,10.8615384615385,4.63589746666667,7.88475177304965,0.126827074432201,"Nano-QuIC"
"Y-18","RAMALT",-3,9.93675889328063,4.18181826666667,9.9537037037037,0.10046511627907,"Nano-QuIC"
"B-167","RAMALT",-3,9.32748538011696,3.80766733333333,10.3031358885017,0.0970578288806223,"Nano-QuIC"
"B-227","RAMALT",-3,2.89147286821705,1.47545186666667,19.8870967741935,0.0502838605028386,"Nano-QuIC"
"N",NA,-3,2.20277296360485,1.374928,25.0576923076923,0.0399079048349962,"Nano-QuIC"
"B-146","RAMALT",-3,11.1124744376278,4.71710973333333,9.29173693086003,0.107622504537205,"Nano-QuIC"
"1945","RAMALT",-3,11.2337398373984,3.8807588,9.82375,0.10179412138949,"Nano-QuIC"
"B-112","RAMALT",-3,11.5501022494888,4.275392,9.40811965811966,0.106291165114695,"Nano-QuIC"
"B-121","RAMALT",-3,8.75,3.94010413333333,10.843487394958,0.0922212535115761,"Nano-QuIC"
"B-166","RAMALT",-3,11.35625,4.3944444,8.14398734177215,0.122789974742569,"Nano-QuIC"
"1901","RAMALT",-3,11.0843373493976,3.69210173333333,10.3247422680412,0.0968547179231153,"Nano-QuIC"
"1941","RAMALT",-3,9.60588235294118,3.66274506666667,9.33176943699732,0.107160813043166,"Nano-QuIC"
"1944","RAMALT",-3,10.1581027667984,4.44795786666667,8.43274111675127,0.118585402558315,"Nano-QuIC"
"Y-18","RAMALT",-3,10.088,4.33866666666667,8.54967602591793,0.116963496273841,"Nano-QuIC"
"B-167","RAMALT",-3,9.85992217898833,4.4020752,10.8089028776978,0.092516327634261,"Nano-QuIC"
"B-227","RAMALT",-3,2.83111954459203,1.356104,19.9510869565217,0.0501225824026151,"Nano-QuIC"
"P",NA,-3,9.32428765264586,4.3744912,7.83136482939633,0.127691663175534,"Nano-QuIC"
"1904","RAMALT",-2,9.17310443490701,2.67048173333333,21.5363321799308,0.0464331619537275,"Nano-QuIC"
"1943","RAMALT",-2,3,2.26157466666667,26.1833333333333,0.0381922342457034,"Nano-QuIC"
"O-39","RAMALT",-2,10.0685805422648,3.57044133333333,8.95911949685535,0.111618111618112,"Nano-QuIC"
"1942","RPLN",-2,12.5230125523013,4.1450488,13.5123626373626,0.0740063027345736,"Nano-QuIC"
"B-146","RPLN",-2,9.1830985915493,2.6937924,14.235119047619,0.0702487978256325,"Nano-QuIC"
"1945","RPLN",-2,9.70412517780939,3.27358933333333,9.42592592592593,0.106090373280943,"Nano-QuIC"
"B-112","RPLN",-2,8.82743362831858,3.6637168,12.3308510638298,0.0810974031576223,"Nano-QuIC"
"B-121","RPLN",-2,8.64234620886981,3.79971386666667,13.5755813953488,0.073661670235546,"Nano-QuIC"
"B-166","RPLN",-2,16.3391053391053,13.0639730666667,11.0627272727273,0.0903936231407675,"Nano-QuIC"
"1901","RPLN",-2,10.5474006116208,4.7135576,10.7942307692308,0.0926420808836629,"Nano-QuIC"
"1941","RPLN",-2,10.2212389380531,3.6361848,10.9435483870968,0.0913780397936625,"Nano-QuIC"
"P",NA,-3,9.13854595336077,3.59579333333333,8.38291666666667,0.119290223172126,"Nano-QuIC"
"1904","RAMALT",-2,8.24011299435028,2.51224106666667,12.5804195804196,0.0794886047804336,"Nano-QuIC"
"1943","RAMALT",-2,2.84364261168385,2.490264,25,0.04,"Nano-QuIC"
"O-39","RAMALT",-2,9.25356576862124,3.03645013333333,7.19369369369369,0.139010644959299,"Nano-QuIC"
"1942","RPLN",-2,9.08378378378378,2.4144144,8.90972222222222,0.112236944660951,"Nano-QuIC"
"B-146","RPLN",-2,8.83513097072419,1.77092933333333,15.3467741935484,0.0651602732527588,"Nano-QuIC"
"1945","RPLN",-2,9.93892045454546,4.8257576,8.7734375,0.113980409617097,"Nano-QuIC"
"B-112","RPLN",-2,8.94176136363636,4.46780306666667,10.8266369047619,0.092364785925366,"Nano-QuIC"
"B-121","RPLN",-2,12.2605729877217,6.89586186666667,11.3864864864865,0.0878234037502967,"Nano-QuIC"
"B-166","RPLN",-2,14.7635605006954,13.9304589333333,9.43,0.106044538706257,"Nano-QuIC"
"1901","RPLN",-2,6.23988439306358,1.626204,18.1203703703704,0.055186509964231,"Nano-QuIC"
"1941","RPLN",-2,6.27809798270893,2.27281466666667,9.35928143712575,0.106845809341011,"Nano-QuIC"
"P",NA,-3,8.83510638297872,3.49113466666667,8.00229357798165,0.124964173115506,"Nano-QuIC"
"1904","RAMALT",-2,7.90987124463519,2.1592752,22.6071428571429,0.0442338072669826,"Nano-QuIC"
"1943","RAMALT",-2,2.76470588235294,2.42214533333333,24,0.0416666666666667,"Nano-QuIC"
"O-39","RAMALT",-2,9.4258064516129,4.01075266666667,8.80080213903743,0.11362600638007,"Nano-QuIC"
"1942","RPLN",-2,7.32863187588152,1.66807733333333,12.7172619047619,0.0786332787268898,"Nano-QuIC"
"B-146","RPLN",-2,10.5911251980983,2.26307453333333,12.9266304347826,0.077359680470885,"Nano-QuIC"
"1945","RPLN",-2,8.73033707865168,4.45505626666667,9.78510638297872,0.10219612959339,"Nano-QuIC"
"B-112","RPLN",-2,11.1085164835165,7.57142853333333,9.19213973799127,0.108788598574822,"Nano-QuIC"
"B-121","RPLN",-2,12.8290013679891,7.5585956,10.3284050179211,0.0968203704507006,"Nano-QuIC"
"B-166","RPLN",-2,16.8395061728395,16.0585277333333,7.92277070063694,0.126218470505477,"Nano-QuIC"
"1901","RPLN",-2,2.64139941690962,1.55685066666667,25.9615384615385,0.0385185185185185,"Nano-QuIC"
"1941","RPLN",-2,7.46524822695035,2.2846336,9.82818532818533,0.10174818306816,"Nano-QuIC"
"P",NA,-3,7.64238410596027,3.4860928,9.06474820143885,0.11031746031746,"Nano-QuIC"
"1904","RAMALT",-2,9.10413694721826,2.1949596,11.47,0.0871839581517001,"Nano-QuIC"
"1943","RAMALT",-2,2.78438030560272,2.43350266666667,25.4230769230769,0.0393343419062027,"Nano-QuIC"
"O-39","RAMALT",-2,9.96590909090909,3.28571426666667,10.7747524752475,0.0928095566276131,"Nano-QuIC"
"1942","RPLN",-2,8.81893004115226,1.60036533333333,6.93090452261307,0.144281312307413,"Nano-QuIC"
"B-146","RPLN",-2,5.74173228346457,1.78267733333333,23.3097826086957,0.0429004429937048,"Nano-QuIC"
"1945","RPLN",-2,8.28755364806867,4.92894613333333,9.12429378531074,0.109597523219814,"Nano-QuIC"
"B-112","RPLN",-2,12.1073446327684,8.39359693333333,9.21955719557196,0.108465079047428,"Nano-QuIC"
"B-121","RPLN",-2,5.40326975476839,1.55676666666667,11.2676056338028,0.08875,"Nano-QuIC"
"B-166","RPLN",-2,10.0720108695652,7.17028986666667,8.25238853503185,0.121177038109021,"Nano-QuIC"
"1901","RPLN",-2,8.13276836158192,1.86817333333333,25.7403846153846,0.038849458348898,"Nano-QuIC"
"1941","RPLN",-2,7.20341394025605,2.50924613333333,9.14915254237288,0.109299740644683,"Nano-QuIC"
"N",NA,-3,2.27080394922426,1.44992933333333,22.9909090909091,0.0434954527481218,"Nano-QuIC"
"1904","RAMALT",-3,8.22857142857143,4.46716786666667,7.01824212271973,0.142485822306238,"Nano-QuIC"
"1943","RAMALT",-3,7.96987087517934,4.11860346666667,8.06346749226006,0.12401612593588,"Nano-QuIC"
"O-39","RAMALT",-3,10.6432748538012,3.69980506666667,7.57364341085271,0.132036847492323,"Nano-QuIC"
"1942","RPLN",-3,9.17806267806268,2.91737893333333,8.21764705882353,0.121689334287759,"Nano-QuIC"
"B-146","RPLN",-3,11.0936599423631,3.15081653333333,8.84760705289673,0.113024911032028,"Nano-QuIC"
"1945","RPLN",-3,7.58561151079137,3.43213426666667,8.6836917562724,0.115158394386544,"Nano-QuIC"
"B-112","RPLN",-3,9.58414464534075,3.60500693333333,8.75,0.114285714285714,"Nano-QuIC"
"B-121","RPLN",-3,7.13559322033898,3.06214693333333,9.8823155216285,0.101190859349855,"Nano-QuIC"
"B-166","RPLN",-3,7.31930333817126,3.1233672,10.0787401574803,0.09921875,"Nano-QuIC"
"1901","RPLN",-3,9.5606936416185,2.6512524,13.4621710526316,0.074282223579719,"Nano-QuIC"
"1941","RPLN",-3,10.4353640416048,3.71669133333333,8.24183673469388,0.121332177788783,"Nano-QuIC"
"N",NA,-3,2.09907529722589,1.204756,32.09,0.0311623558741041,"Nano-QuIC"
"1904","RAMALT",-3,11.4,3.76140346666667,7.59375,0.131687242798354,"Nano-QuIC"
"1943","RAMALT",-3,10.0786026200873,3.62348373333333,8.91688481675393,0.112146788990826,"Nano-QuIC"
"O-39","RAMALT",-3,9.30070921985816,2.98061466666667,8.61465324384787,0.116081282866974,"Nano-QuIC"
"1942","RPLN",-3,8.70735090152566,3.19926026666667,9.20253164556962,0.108665749656121,"Nano-QuIC"
"B-146","RPLN",-3,9.24528301886792,2.97242373333333,8.91292134831461,0.112196659312953,"Nano-QuIC"
"1945","RPLN",-3,9.10422535211268,3.87793426666667,8.29245283018868,0.120591581342435,"Nano-QuIC"
"B-112","RPLN",-3,9.7266081871345,3.18713453333333,10.163680781759,0.0983895521192212,"Nano-QuIC"
"B-121","RPLN",-3,8.62690707350901,3.08090613333333,10.3205,0.0968945303037644,"Nano-QuIC"
"B-166","RPLN",-3,11.2225519287834,3.57270026666667,8.76614987080103,0.114075165806927,"Nano-QuIC"
"1901","RPLN",-3,9.19726858877086,2.79817906666667,14.287109375,0.0699931647300068,"Nano-QuIC"
"1941","RPLN",-3,9.92272727272727,3.65454546666667,8.26904761904762,0.12093291102793,"Nano-QuIC"
"N",NA,-3,2.24631860776439,1.370816,26.84375,0.0372526193247963,"Nano-QuIC"
"1904","RAMALT",-3,10.040520984081,3.16256626666667,8.67587601078167,0.11526213592233,"Nano-QuIC"
"1943","RAMALT",-3,9.67168262653899,3.90697666666667,8.76953125,0.114031180400891,"Nano-QuIC"
"O-39","RAMALT",-3,9.1742209631728,3.99811133333333,7.82167832167832,0.127849798837729,"Nano-QuIC"
"1942","RPLN",-3,9.61171662125341,3.85104453333333,8.45436507936508,0.118282093405304,"Nano-QuIC"
"B-146","RPLN",-3,9.55397727272727,3.29545453333333,9.67857142857143,0.103321033210332,"Nano-QuIC"
"1945","RPLN",-3,9.3958904109589,3.3242008,8.46266233766234,0.118166123153654,"Nano-QuIC"
"B-112","RPLN",-3,9.26008344923505,3.02828,9.21788990825688,0.108484697685992,"Nano-QuIC"
"B-121","RPLN",-3,9.18194842406877,3.3600764,10.8650234741784,0.0920384573836016,"Nano-QuIC"
"B-166","RPLN",-3,7.45353675450763,3.38418866666667,9.46581769436997,0.105643276924166,"Nano-QuIC"
"1901","RPLN",-3,9.74135338345865,3.16791973333333,12.8348540145985,0.0779128456671643,"Nano-QuIC"
"1941","RPLN",-3,9.85542168674699,3.08835346666667,7.79582366589327,0.12827380952381,"Nano-QuIC"
"N",NA,-3,2.16216216216216,1.17889333333333,30.9814814814815,0.0322773460848775,"Nano-QuIC"
"1904","RAMALT",-3,8.44744318181818,4.1723484,7.9051948051948,0.126499096435025,"Nano-QuIC"
"1943","RAMALT",-3,9.93880389429764,4.0853036,9.35619469026549,0.106881059352093,"Nano-QuIC"
"O-39","RAMALT",-3,9.65116279069767,3.5968992,8.62735849056604,0.115910333515582,"Nano-QuIC"
"1942","RPLN",-3,9.69390581717452,3.78024013333333,8.61316397228637,0.11610135406891,"Nano-QuIC"
"B-146","RPLN",-3,8.16571428571429,3.09142853333333,11.186,0.0893974611121044,"Nano-QuIC"
"1945","RPLN",-3,9.43342776203966,2.89707266666667,9.27114427860696,0.107861550845184,"Nano-QuIC"
"B-112","RPLN",-3,9.18207681365576,3.33807493333333,10.1478758169935,0.0985427904355527,"Nano-QuIC"
"B-121","RPLN",-3,9.09708737864078,2.78687,10.6369778869779,0.0940116648380204,"Nano-QuIC"
"B-166","RPLN",-3,9.57879656160458,3.68290346666667,8.99080267558528,0.11122477448154,"Nano-QuIC"
"1901","RPLN",-3,9.74480712166172,3.43026706666667,13.5265486725664,0.0739286882564606,"Nano-QuIC"
"1941","RPLN",-3,9.82258064516129,4.21114373333333,9.01421800947867,0.110935856992639,"Nano-QuIC"
"P",NA,-3,10.6103500761035,4.04464733333333,7.29478609625668,0.137084211490882,"Nano-QuIC"
"1944","RPLN",-2,13.7021276595745,3.9672668,13.0101156069364,0.0768632677996223,"Nano-QuIC"
"Y-18","RPLN",-2,8.4789644012945,2.07767,16.788,0.0595663569216107,"Nano-QuIC"
"1905","RPLN",-2,12.2290322580645,3.65806453333333,12.5173841059603,0.0798888962370214,"Nano-QuIC"
"B-167","RPLN",-2,11.9424920127796,3.1650692,17.0068493150685,0.0587998389045509,"Nano-QuIC"
"B-227","RPLN",-2,9.11327433628319,2.83421826666667,21.375,0.0467836257309941,"Nano-QuIC"
"1904","RPLN",-2,11.5314091680815,2.10073573333333,12.625,0.0792079207920792,"Nano-QuIC"
"1943","RPLN",-2,8.36594202898551,1.57729466666667,10.9274193548387,0.0915129151291513,"Nano-QuIC"
"O-39","RPLN",-2,12.4651600753296,5.45637173333333,9.46969696969697,0.1056,"Nano-QuIC"
"P",NA,-3,7.6671490593343,3.577424,7.4569209039548,0.13410360829624,"Nano-QuIC"
"1944","RPLN",-2,12.46875,3.65873026666667,12.1037946428571,0.0826187183033656,"Nano-QuIC"
"Y-18","RPLN",-2,15.6588419405321,4.9660928,14.9737762237762,0.0667834208990076,"Nano-QuIC"
"1905","RPLN",-2,11.0695915279879,3.80231973333333,11.7660349854227,0.0849903983150592,"Nano-QuIC"
"B-167","RPLN",-2,11.672,3.14666666666667,14.7197802197802,0.0679357969391564,"Nano-QuIC"
"B-227","RPLN",-2,8.65641025641026,1.56125333333333,22.75,0.043956043956044,"Nano-QuIC"
"1904","RPLN",-2,9.81512605042017,1.81960786666667,10.5045454545455,0.0951968844655993,"Nano-QuIC"
"1943","RPLN",-2,2.73392857142857,1.65476133333333,29.125,0.0343347639484979,"Nano-QuIC"
"O-39","RPLN",-2,12.8589285714286,4.9,9.40789473684211,0.106293706293706,"Nano-QuIC"
"P",NA,-3,9.57327586206897,3.67816093333333,8.1827731092437,0.122207958921694,"Nano-QuIC"
"1944","RPLN",-2,13.1263823064771,3.8272776,10.7311643835616,0.093186532631243,"Nano-QuIC"
"Y-18","RPLN",-2,2.89540412044374,2.19545733333333,27.6458333333333,0.0361718161266014,"Nano-QuIC"
"1905","RPLN",-2,10.6421875,4.02708333333333,11.2891949152542,0.0885802758750117,"Nano-QuIC"
"B-167","RPLN",-2,11.6037151702786,3.1083592,13.9469178082192,0.0717004297114794,"Nano-QuIC"
"B-227","RPLN",-2,8.46017699115044,1.70383466666667,21.2934782608696,0.0469627360898418,"Nano-QuIC"
"1904","RPLN",-2,12.3791946308725,3.57494413333333,12.5746268656716,0.0795252225519288,"Nano-QuIC"
"1943","RPLN",-2,2.81705150976909,1.63884,28.241935483871,0.0354083380925186,"Nano-QuIC"
"O-39","RPLN",-2,11.9032258064516,4.2437276,9.53125,0.104918032786885,"Nano-QuIC"
"P",NA,-3,8.79800853485064,3.6036036,7.81160572337043,0.128014653505648,"Nano-QuIC"
"1944","RPLN",-2,14.0330188679245,5.66666666666667,11.7989130434783,0.0847535697835099,"Nano-QuIC"
"Y-18","RPLN",-2,8.28483920367534,1.63757066666667,17.2103174603175,0.0581046806548305,"Nano-QuIC"
"1905","RPLN",-2,10.4021909233177,4.22117893333333,11.0405701754386,0.0905750322772867,"Nano-QuIC"
"B-167","RPLN",-2,11.5414110429448,2.95092026666667,15.6696428571429,0.0638176638176638,"Nano-QuIC"
"B-227","RPLN",-2,5.83219178082192,1.60958933333333,22.88,0.0437062937062937,"Nano-QuIC"
"1904","RPLN",-2,11.0565428109855,3.274098,10.1259259259259,0.0987564008778347,"Nano-QuIC"
"1943","RPLN",-2,4.06749555950266,1.612788,30.1428571428571,0.033175355450237,"Nano-QuIC"
"O-39","RPLN",-2,13.8584392014519,4.48396853333333,10.3529411764706,0.0965909090909091,"Nano-QuIC"
"N",NA,-3,2.72941176470588,1.4,23.2222222222222,0.0430622009569378,"Nano-QuIC"
"1944","RPLN",-3,8.65912762520194,3.97630586666667,6.80957446808511,0.146852054366505,"Nano-QuIC"
"Y-18","RPLN",-3,12.4710743801653,3.72672173333333,7.64326923076923,0.130834067178261,"Nano-QuIC"
"1905","RPLN",-3,12.1503267973856,3.66666666666667,5.58545454545455,0.179036458333333,"Nano-QuIC"
"B-167","RPLN",-3,9.42356687898089,4.22293,6.59758364312268,0.151570643752641,"Nano-QuIC"
"B-227","RPLN",-3,3.38512396694215,1.529476,15.7090909090909,0.0636574074074074,"Nano-QuIC"
"1904","RPLN",-3,11.5660377358491,3.73241853333333,7.42578125,0.134665965281431,"Nano-QuIC"
"1943","RPLN",-3,11.4481605351171,3.8394648,7.50679012345679,0.133212729216347,"Nano-QuIC"
"O-39","RPLN",-3,11.0442930153322,3.8841568,7.82658450704225,0.127769654707007,"Nano-QuIC"
"N",NA,-3,2.65606936416185,1.3237,19.7232142857143,0.050701674966048,"Nano-QuIC"
"1944","RPLN",-3,11.5505617977528,4.4280364,6.89832089552239,0.144962812711291,"Nano-QuIC"
"Y-18","RPLN",-3,13.0758064516129,3.07957,9.93069306930693,0.100697906281157,"Nano-QuIC"
"1905","RPLN",-3,10.0901898734177,3.95569613333333,7.1525641025641,0.139810001792436,"Nano-QuIC"
"B-167","RPLN",-3,11.4546875,3.9,8.1728624535316,0.122356151921765,"Nano-QuIC"
"B-227","RPLN",-3,3.08319738988581,1.36596,18.1764705882353,0.0550161812297735,"Nano-QuIC"
"1904","RPLN",-3,10.7651757188498,3.9233228,7.78023598820059,0.128530805687204,"Nano-QuIC"
"1943","RPLN",-3,11.7783333333333,4.0888888,8.67011278195489,0.115338753387534,"Nano-QuIC"
"O-39","RPLN",-3,9.38593481989708,4.098342,7.03846153846154,0.14207650273224,"Nano-QuIC"
"N",NA,-3,2.65676077265973,1.317484,24.1621621621622,0.0413870246085011,"Nano-QuIC"
"1944","RPLN",-3,11.1414309484193,5.31558506666667,6.60812356979405,0.151328889273656,"Nano-QuIC"
"Y-18","RPLN",-3,9.5142378559464,3.6649916,10.2648698884758,0.0974196468990493,"Nano-QuIC"
"1905","RPLN",-3,11.1551155115512,3.73817373333333,6.545,0.152788388082506,"Nano-QuIC"
"B-167","RPLN",-3,11.9486356340289,3.59764573333333,8.46230158730159,0.118171160609613,"Nano-QuIC"
"B-227","RPLN",-3,3.1227495908347,1.55155466666667,19.4928571428571,0.0513008427995603,"Nano-QuIC"
"1904","RPLN",-3,11.4189852700491,4.2073104,9.46618357487923,0.105639193671855,"Nano-QuIC"
"1943","RPLN",-3,11.6220338983051,3.89830506666667,8.54928571428571,0.11696883616008,"Nano-QuIC"
"O-39","RPLN",-3,11.6243567753002,3.93596346666667,7.00899742930591,0.142673757564643,"Nano-QuIC"
"N",NA,-3,2.58635703918723,1.17852,24.0901162790698,0.0415108000482684,"Nano-QuIC"
"1944","RPLN",-3,11.8418451400329,3.54750133333333,6.35817307692308,0.157277882797732,"Nano-QuIC"
"Y-18","RPLN",-3,12.4535073409462,3.07558453333333,8.67268041237113,0.115304606240713,"Nano-QuIC"
"1905","RPLN",-3,9.62578616352201,3.9056604,5.90508474576271,0.169345579793341,"Nano-QuIC"
"B-167","RPLN",-3,8.8125,3.3375,7.35897435897436,0.13588850174216,"Nano-QuIC"
"B-227","RPLN",-3,3.03639514731369,1.44887333333333,17.5384615384615,0.0570175438596491,"Nano-QuIC"
"1904","RPLN",-3,12.2088815789474,3.94517546666667,7.0875,0.141093474426808,"Nano-QuIC"
"1943","RPLN",-3,11.8773747841105,4.16119746666667,8.99031007751938,0.111230868721707,"Nano-QuIC"
"O-39","RPLN",-3,12.4141592920354,4.278466,7.8459595959596,0.127454135822337,"Nano-QuIC"
